username,title,year,rating,film_slug,year_clean,title_norm,tmdb_id
schaffrillas,Superman,2025,7.0,superman-2025,2025.0,superman,1061474
schaffrillas,Mission: Impossible – The Final Reckoning,2025,7.0,mission-impossible-the-final-reckoning,,missionimpossible–thefinalreckoning,575265
schaffrillas,Sinners,2025,8.0,sinners-2025,2025.0,sinners,1233413
schaffrillas,A Complete Unknown,2024,6.0,a-complete-unknown,,acompleteunknown,661539
schaffrillas,Wallace & Gromit: Vengeance Most Fowl,2024,8.0,wallace-gromit-vengeance-most-fowl,,wallace&gromitvengeancemostfowl,929204
schaffrillas,Nosferatu,2024,9.0,nosferatu-2024,2024.0,nosferatu,426063
schaffrillas,Juror #2,2024,7.0,juror-2,,juror#2,1106739
schaffrillas,Joker: Folie à Deux,2024,3.0,joker-folie-a-deux,,jokerfolieàdeux,889737
schaffrillas,The Brutalist,2024,6.0,the-brutalist,,thebrutalist,549509
schaffrillas,Nickel Boys,2024,8.0,nickel-boys,,nickelboys,1028196
schaffrillas,Conclave,2024,5.0,conclave,,conclave,974576
schaffrillas,Beetlejuice Beetlejuice,2024,6.0,beetlejuice-beetlejuice,,beetlejuicebeetlejuice,917496
schaffrillas,Alien: Romulus,2024,7.0,alien-romulus,,alienromulus,945961
schaffrillas,Trap,2024,7.0,trap-2024,2024.0,trap,1032823
schaffrillas,Anora,2024,9.0,anora,,anora,1064213
schaffrillas,The Substance,2024,9.0,the-substance,,thesubstance,933260
schaffrillas,Megalopolis,2024,6.0,megalopolis-2024,2024.0,megalopolis,592831
schaffrillas,Furiosa: A Mad Max Saga,2024,8.0,furiosa-a-mad-max-saga,,furiosaamadmaxsaga,786892
schaffrillas,Challengers,2024,9.0,challengers,,challengers,937287
schaffrillas,Dune: Part Two,2024,9.0,dune-part-two,,duneparttwo,693134
schaffrillas,I Saw the TV Glow,2024,8.0,i-saw-the-tv-glow,,isawthetvglow,858017
schaffrillas,ted,2024,8.0,ted-2024,2024.0,ted,72105
schaffrillas,Godzilla Minus One,2023,8.0,godzilla-minus-one,,godzillaminusone,940721
schaffrillas,Dream Scenario,2023,9.0,dream-scenario,,dreamscenario,823482
schaffrillas,Priscilla,2023,7.0,priscilla,,priscilla,1020006
schaffrillas,The Killer,2023,6.0,the-killer-2023,2023.0,thekiller,800158
schaffrillas,Poor Things,2023,9.0,poor-things-2023,2023.0,poorthings,792307
schaffrillas,The Holdovers,2023,10.0,the-holdovers,,theholdovers,840430
schaffrillas,Oppenheimer,2023,9.0,oppenheimer-2023,2023.0,oppenheimer,872585
schaffrillas,Mission: Impossible – Dead Reckoning,2023,9.0,mission-impossible-dead-reckoning,,missionimpossible–deadreckoning,575264
schaffrillas,Barbie,2023,9.0,barbie,,barbie,346698
schaffrillas,Spider-Man: Across the Spider-Verse,2023,9.0,spider-man-across-the-spider-verse,,spidermanacrossthespiderverse,569094
schaffrillas,Anatomy of a Fall,2023,8.0,anatomy-of-a-fall,,anatomyofafall,915935
schaffrillas,May December,2023,9.0,may-december,,maydecember,839369
schaffrillas,Killers of the Flower Moon,2023,8.0,killers-of-the-flower-moon,,killersoftheflowermoon,466420
schaffrillas,The Zone of Interest,2023,6.0,the-zone-of-interest,,thezoneofinterest,467244
schaffrillas,Guardians of the Galaxy Vol. 3,2023,9.0,guardians-of-the-galaxy-vol-3,,guardiansofthegalaxyvol3,447365
schaffrillas,Bottoms,2023,8.0,bottoms,,bottoms,814776
schaffrillas,Past Lives,2023,8.0,past-lives,,pastlives,666277
schaffrillas,Babylon,2022,7.0,babylon-2022,2022.0,babylon,615777
schaffrillas,Avatar: The Way of Water,2022,6.0,avatar-the-way-of-water,,avatarthewayofwater,76600
schaffrillas,The Menu,2022,9.0,the-menu-2022,2022.0,themenu,593643
schaffrillas,The Fabelmans,2022,9.0,the-fabelmans,,thefabelmans,804095
schaffrillas,Glass Onion,2022,9.0,glass-onion,,glassonion,661374
schaffrillas,The Banshees of Inisherin,2022,9.0,the-banshees-of-inisherin,,thebansheesofinisherin,674324
schaffrillas,The Whale,2022,2.0,the-whale-2022,2022.0,thewhale,785084
schaffrillas,TÁR,2022,7.0,tar-2022,2022.0,tár,817758
schaffrillas,Nope,2022,8.0,nope,,nope,762504
schaffrillas,Thor: Love and Thunder,2022,5.0,thor-love-and-thunder,,thorloveandthunder,616037
schaffrillas,Top Gun: Maverick,2022,8.0,top-gun-maverick,,topgunmaverick,361743
schaffrillas,The Northman,2022,7.0,the-northman,,thenorthman,639933
schaffrillas,The Unbearable Weight of Massive Talent,2022,5.0,the-unbearable-weight-of-massive-talent,,theunbearableweightofmassivetalent,648579
schaffrillas,Everything Everywhere All at Once,2022,9.0,everything-everywhere-all-at-once,,everythingeverywhereallatonce,545611
schaffrillas,The Batman,2022,8.0,the-batman,,thebatman,414906
schaffrillas,Spider-Man: No Way Home,2021,8.0,spider-man-no-way-home,,spidermannowayhome,634649
schaffrillas,Licorice Pizza,2021,9.0,licorice-pizza,,licoricepizza,718032
schaffrillas,Last Night in Soho,2021,4.0,last-night-in-soho,,lastnightinsoho,576845
schaffrillas,Spencer,2021,6.0,spencer-2021,2021.0,spencer,716612
schaffrillas,Dune,2021,9.0,dune-2021,2021.0,dune,438631
schaffrillas,C'mon C'mon,2021,8.0,cmon-cmon,,cmoncmon,632617
schaffrillas,Pig,2021,8.0,pig-2021,2021.0,pig,635731
schaffrillas,Luca,2021,8.0,luca-2021,2021.0,luca,508943
schaffrillas,The Suicide Squad,2021,9.0,the-suicide-squad,,thesuicidesquad,436969
schaffrillas,Tenet,2020,5.0,tenet,,tenet,577922
schaffrillas,Shiva Baby,2020,7.0,shiva-baby-2020,2020.0,shivababy,664300
schaffrillas,The Father,2020,8.0,the-father-2020,2020.0,thefather,600354
schaffrillas,Promising Young Woman,2020,4.0,promising-young-woman,,promisingyoungwoman,582014
schaffrillas,1917,2019,8.0,1917,,1917,530915
schaffrillas,The Irishman,2019,7.0,the-irishman-2019,2019.0,theirishman,398978
schaffrillas,Jojo Rabbit,2019,10.0,jojo-rabbit,,jojorabbit,515001
schaffrillas,Knives Out,2019,10.0,knives-out-2019,2019.0,knivesout,546554
schaffrillas,Sound of Metal,2020,6.0,sound-of-metal,,soundofmetal,502033
schaffrillas,Joker,2019,7.0,joker-2019,2019.0,joker,475557
schaffrillas,Uncut Gems,2019,9.0,uncut-gems,,uncutgems,473033
schaffrillas,Ford v Ferrari,2019,8.0,ford-v-ferrari,,fordvferrari,359724
schaffrillas,Spider-Man: Far From Home,2019,9.0,spider-man-far-from-home,,spidermanfarfromhome,429617
schaffrillas,Parasite,2019,9.0,parasite-2019,2019.0,parasite,496243
schaffrillas,Once Upon a Time... in Hollywood,2019,7.0,once-upon-a-time-in-hollywood,,onceuponatimeinhollywood,466272
schaffrillas,Portrait of a Lady on Fire,2019,9.0,portrait-of-a-lady-on-fire,,portraitofaladyonfire,531428
schaffrillas,The Lighthouse,2019,10.0,the-lighthouse-2019,2019.0,thelighthouse,503919
schaffrillas,Avengers: Endgame,2019,7.0,avengers-endgame,,avengersendgame,299534
schaffrillas,Us,2019,5.0,us-2019,2019.0,us,458723
schaffrillas,Spider-Man: Into the Spider-Verse,2018,10.0,spider-man-into-the-spider-verse,,spidermanintothespiderverse,324857
schaffrillas,Bohemian Rhapsody,2018,5.0,bohemian-rhapsody-the-complete-live-aid-performance,,bohemianrhapsody,424694
schaffrillas,The Favourite,2018,9.0,the-favourite,,thefavourite,375262
schaffrillas,First Man,2018,5.0,first-man,,firstman,369972
schaffrillas,Mission: Impossible – Fallout,2018,8.0,mission-impossible-fallout,,missionimpossible–fallout,353081
schaffrillas,Incredibles 2,2018,6.0,incredibles-2,,incredibles2,260513
schaffrillas,Deadpool 2,2018,7.0,deadpool-2,,deadpool2,383498
schaffrillas,BlacKkKlansman,2018,8.0,blackkklansman,,blackkklansman,487558
schaffrillas,Avengers: Infinity War,2018,9.0,avengers-infinity-war,,avengersinfinitywar,299536
schaffrillas,A Quiet Place,2018,6.0,a-quiet-place-2018,2018.0,aquietplace,447332
schaffrillas,Game Night,2018,8.0,game-night,,gamenight,445571
schaffrillas,Black Panther,2018,8.0,black-panther,,blackpanther,284054
schaffrillas,Phantom Thread,2017,8.0,phantom-thread,,phantomthread,400617
schaffrillas,Star Wars: The Last Jedi,2017,5.0,star-wars-the-last-jedi,,starwarsthelastjedi,181808
schaffrillas,Paddington 2,2017,10.0,paddington-2,,paddington2,346648
schaffrillas,Thor: Ragnarok,2017,8.0,thor-ragnarok,,thorragnarok,284053
schaffrillas,"Three Billboards Outside Ebbing, Missouri",2017,8.0,three-billboards-outside-ebbing-missouri,,"threebillboardsoutsideebbing,missouri",359940
schaffrillas,Lady Bird,2017,10.0,lady-bird,,ladybird,391713
schaffrillas,The Shape of Water,2017,6.0,the-shape-of-water,,theshapeofwater,399055
schaffrillas,Dunkirk,2017,5.0,dunkirk-2017,2017.0,dunkirk,374720
schaffrillas,Spider-Man: Homecoming,2017,6.0,spider-man-homecoming,,spidermanhomecoming,315635
schaffrillas,Good Time,2017,10.0,good-time,,goodtime,429200
schaffrillas,The Florida Project,2017,8.0,the-florida-project,,thefloridaproject,394117
schaffrillas,Guardians of the Galaxy Vol. 2,2017,9.0,guardians-of-the-galaxy-vol-2,,guardiansofthegalaxyvol2,283995
schaffrillas,Baby Driver,2017,9.0,baby-driver,,babydriver,339403
schaffrillas,The Lego Batman Movie,2017,6.0,the-lego-batman-movie,,thelegobatmanmovie,324849
schaffrillas,Get Out,2017,9.0,get-out-2017,2017.0,getout,419430
schaffrillas,Call Me by Your Name,2017,6.0,call-me-by-your-name,,callmebyyourname,398818
schaffrillas,Rogue One: A Star Wars Story,2016,6.0,rogue-one-a-star-wars-story,,rogueoneastarwarsstory,330459
schaffrillas,Doctor Strange,2016,6.0,doctor-strange-2016,2016.0,doctorstrange,284052
schaffrillas,Moonlight,2016,7.0,moonlight-2016,2016.0,moonlight,376867
schaffrillas,Arrival,2016,7.0,arrival-2016,2016.0,arrival,329865
schaffrillas,La La Land,2016,9.0,la-la-land,,lalaland,313369
schaffrillas,The Nice Guys,2016,9.0,the-nice-guys,,theniceguys,290250
schaffrillas,Captain America: Civil War,2016,8.0,captain-america-civil-war,,captainamericacivilwar,271110
schaffrillas,Deadpool,2016,6.0,deadpool,,deadpool,293660
schaffrillas,Manchester by the Sea,2016,8.0,manchester-by-the-sea,,manchesterbythesea,334541
schaffrillas,The Revenant,2015,8.0,the-revenant-2015,2015.0,therevenant,281957
schaffrillas,Star Wars: The Force Awakens,2015,8.0,star-wars-the-force-awakens,,starwarstheforceawakens,140607
schaffrillas,Spotlight,2015,5.0,spotlight,,spotlight,314365
schaffrillas,Mission: Impossible – Rogue Nation,2015,8.0,mission-impossible-rogue-nation,,missionimpossible–roguenation,177677
schaffrillas,Ant-Man,2015,5.0,ant-man,,antman,102899
schaffrillas,Inside Out,2015,8.0,inside-out-2015,2015.0,insideout,150540
schaffrillas,The Lobster,2015,8.0,the-lobster,,thelobster,254320
schaffrillas,Mad Max: Fury Road,2015,10.0,mad-max-fury-road,,madmaxfuryroad,76341
schaffrillas,Ex Machina,2015,8.0,ex-machina-2015,2015.0,exmachina,264660
schaffrillas,Interstellar,2014,9.0,interstellar,,interstellar,157336
schaffrillas,Gone Girl,2014,9.0,gone-girl,,gonegirl,210577
schaffrillas,Nightcrawler,2014,6.0,nightcrawler,,nightcrawler,242582
schaffrillas,Birdman or (The Unexpected Virtue of Ignorance),2014,8.0,birdman-or-the-unexpected-virtue-of-ignorance,,birdmanor(theunexpectedvirtueofignorance),194662
schaffrillas,Guardians of the Galaxy,2017,8.0,guardians-of-the-galaxy,,guardiansofthegalaxy,283995
schaffrillas,The Grand Budapest Hotel,2014,10.0,the-grand-budapest-hotel,,thegrandbudapesthotel,120467
schaffrillas,What We Do in the Shadows,2014,8.0,what-we-do-in-the-shadows,,whatwedointheshadows,246741
schaffrillas,Whiplash,2014,10.0,whiplash-2014,2014.0,whiplash,244786
schaffrillas,The Wolf of Wall Street,2013,9.0,the-wolf-of-wall-street,,thewolfofwallstreet,106646
schaffrillas,Her,2013,8.0,her,,her,152601
schaffrillas,Enemy,2014,7.0,enemy,,enemy,181886
schaffrillas,Iron Man 3,2013,8.0,iron-man-3,,ironman3,68721
schaffrillas,Whiplash,2013,8.0,whiplash-2013,2013.0,whiplash,244786
schaffrillas,Frances Ha,2013,9.0,frances-ha,,francesha,121986
schaffrillas,The Dark Knight Rises,2012,5.0,the-dark-knight-rises,,thedarkknightrises,49026
schaffrillas,Ted,2012,6.0,ted,,ted,72105
schaffrillas,Moonrise Kingdom,2015,8.0,moonrise-kingdom,,moonrisekingdom,1049516
schaffrillas,The Avengers,2012,7.0,the-avengers-2012,2012.0,theavengers,24428
schaffrillas,Mission: Impossible – Ghost Protocol,2011,9.0,mission-impossible-ghost-protocol,,missionimpossible–ghostprotocol,56292
schaffrillas,Drive,2011,4.0,drive-2011,2011.0,drive,64690
schaffrillas,The Social Network,2010,10.0,the-social-network,,thesocialnetwork,37799
schaffrillas,Scott Pilgrim vs. the World,2010,9.0,scott-pilgrim-vs-the-world,,scottpilgrimvstheworld,22538
schaffrillas,Inception,2010,9.0,inception,,inception,27205
schaffrillas,Toy Story 3,2010,9.0,toy-story-3,,toystory3,10193
schaffrillas,Avatar,2009,5.0,avatar,,avatar,19995
schaffrillas,Fantastic Mr. Fox,2009,9.0,fantastic-mr-fox,,fantasticmrfox,10315
schaffrillas,Inglourious Basterds,2009,9.0,inglourious-basterds,,inglouriousbasterds,16869
schaffrillas,Up,2009,7.0,up,,up,14160
schaffrillas,The Dark Knight,2008,10.0,the-dark-knight,,thedarkknight,155
schaffrillas,WALL·E,2008,9.0,walle,,wall·e,10681
schaffrillas,Iron Man,2008,6.0,iron-man-2008,2008.0,ironman,1726
schaffrillas,Ratatouille,2007,10.0,ratatouille,,ratatouille,2062
schaffrillas,The Prestige,2006,9.0,the-prestige,,theprestige,1124
schaffrillas,Mission: Impossible III,2006,8.0,mission-impossible-iii,,missionimpossibleiii,956
schaffrillas,Batman Begins,2005,8.0,batman-begins,,batmanbegins,272
schaffrillas,Spider-Man 2,2004,7.0,spider-man-2,,spiderman2,558
schaffrillas,Shaun of the Dead,2004,8.0,shaun-of-the-dead,,shaunofthedead,747
schaffrillas,Eternal Sunshine of the Spotless Mind,2004,9.0,eternal-sunshine-of-the-spotless-mind,,eternalsunshineofthespotlessmind,38
schaffrillas,Before Sunset,2004,10.0,before-sunset,,beforesunset,80
schaffrillas,The Lord of the Rings: The Return of the King,2003,7.0,the-lord-of-the-rings-the-return-of-the-king,,thelordoftheringsthereturnoftheking,122
schaffrillas,Oldboy,2013,7.0,oldboy,,oldboy,87516
schaffrillas,Finding Nemo,2003,7.0,finding-nemo,,findingnemo,12
schaffrillas,The Lord of the Rings: The Two Towers,2002,8.0,the-lord-of-the-rings-the-two-towers,,thelordoftheringsthetwotowers,121
schaffrillas,Catch Me If You Can,2002,8.0,catch-me-if-you-can-2002,2002.0,catchmeifyoucan,640
schaffrillas,Punch-Drunk Love,2002,9.0,punch-drunk-love,,punchdrunklove,8051
schaffrillas,Insomnia,2002,8.0,insomnia-2002,2002.0,insomnia,320
schaffrillas,The Lord of the Rings: The Fellowship of the Ring,2001,6.0,the-lord-of-the-rings-the-fellowship-of-the-ring,,thelordoftheringsthefellowshipofthering,120
schaffrillas,Ocean's Eleven,2001,8.0,oceans-eleven-2001,2001.0,oceanseleven,161
schaffrillas,Memento,2000,10.0,memento,,memento,77
schaffrillas,Mission: Impossible II,2000,5.0,mission-impossible-ii,,missionimpossibleii,955
schaffrillas,The Matrix,1999,5.0,the-matrix,,thematrix,603
schaffrillas,Rushmore,1998,8.0,rushmore,,rushmore,11545
schaffrillas,Space Jam,1996,4.0,space-jam,,spacejam,2300
schaffrillas,Mission: Impossible,1996,7.0,mission-impossible,,missionimpossible,954
schaffrillas,Fargo,1996,8.0,fargo,,fargo,275
schaffrillas,Se7en,1995,,se7en,,se7en,807
schaffrillas,Before Sunrise,1995,9.0,before-sunrise,,beforesunrise,76
schaffrillas,Pulp Fiction,1994,9.0,pulp-fiction,,pulpfiction,680
schaffrillas,Jurassic Park,1993,10.0,jurassic-park,,jurassicpark,329
schaffrillas,Alien³,1997,4.0,alien-3,,alien³,272108
schaffrillas,The Silence of the Lambs,1991,9.0,the-silence-of-the-lambs,,thesilenceofthelambs,274
schaffrillas,Die Hard,1988,8.0,die-hard,,diehard,562
schaffrillas,Top Gun,1986,5.0,top-gun,,topgun,744
schaffrillas,Back to the Future,1985,10.0,back-to-the-future,,backtothefuture,105
schaffrillas,Indiana Jones and the Temple of Doom,1984,6.0,indiana-jones-and-the-temple-of-doom,,indianajonesandthetempleofdoom,87
schaffrillas,Blade Runner,1982,5.0,blade-runner,,bladerunner,78
schaffrillas,E.T. the Extra-Terrestrial,1982,7.0,et-the-extra-terrestrial,,ettheextraterrestrial,601
schaffrillas,The Evil Dead,1981,7.0,the-evil-dead,,theevildead,764
schaffrillas,Raiders of the Lost Ark,1981,8.0,raiders-of-the-lost-ark,,raidersofthelostark,85
schaffrillas,Airplane!,1980,7.0,airplane,,airplane!,813
schaffrillas,The Shining,1980,6.0,the-shining,,theshining,694
schaffrillas,The Empire Strikes Back,1980,10.0,the-empire-strikes-back,,theempirestrikesback,1891
schaffrillas,Star Wars,1977,9.0,star-wars,,starwars,11
schaffrillas,Rocky,1976,7.0,rocky,,rocky,1366
schaffrillas,Taxi Driver,1976,7.0,taxi-driver,,taxidriver,103
schaffrillas,Jaws,1975,7.0,jaws,,jaws,578
schaffrillas,2001: A Space Odyssey,1968,8.0,2001-a-space-odyssey,,2001aspaceodyssey,62
schaffrillas,Dr. Strangelove or: How I Learned to Stop Worrying and Love the Bomb,1964,9.0,dr-strangelove-or-how-i-learned-to-stop-worrying-and-love-the-bomb,,drstrangeloveorhowilearnedtostopworryingandlovethebomb,935
schaffrillas,Rear Window,1954,7.0,rear-window,,rearwindow,567
schaffrillas,Citizen Kane,1941,8.0,citizen-kane,,citizenkane,15
draper_,Superman,2025,9.0,superman-2025,2025.0,superman,1061474
draper_,Mission: Impossible – The Final Reckoning,2025,8.0,mission-impossible-the-final-reckoning,,missionimpossible–thefinalreckoning,575265
draper_,Sinners,2025,9.0,sinners-2025,2025.0,sinners,1233413
draper_,A Complete Unknown,2024,4.0,a-complete-unknown,,acompleteunknown,661539
draper_,Wallace & Gromit: Vengeance Most Fowl,2024,8.0,wallace-gromit-vengeance-most-fowl,,wallace&gromitvengeancemostfowl,929204
draper_,Nosferatu,2024,8.0,nosferatu-2024,2024.0,nosferatu,426063
draper_,Juror #2,2024,8.0,juror-2,,juror#2,1106739
draper_,Joker: Folie à Deux,2024,4.0,joker-folie-a-deux,,jokerfolieàdeux,889737
draper_,The Brutalist,2024,9.0,the-brutalist,,thebrutalist,549509
draper_,Nickel Boys,2024,9.0,nickel-boys,,nickelboys,1028196
draper_,Conclave,2024,8.0,conclave,,conclave,974576
draper_,Beetlejuice Beetlejuice,2024,6.0,beetlejuice-beetlejuice,,beetlejuicebeetlejuice,917496
draper_,The Killer,2024,4.0,the-killer-2024,2024.0,thekiller,800158
draper_,Alien: Romulus,2024,8.0,alien-romulus,,alienromulus,945961
draper_,Trap,2024,5.0,trap-2024,2024.0,trap,1032823
draper_,Anora,2024,9.0,anora,,anora,1064213
draper_,The Substance,2024,8.0,the-substance,,thesubstance,933260
draper_,Megalopolis,2024,5.0,megalopolis-2024,2024.0,megalopolis,592831
draper_,Furiosa: A Mad Max Saga,2024,8.0,furiosa-a-mad-max-saga,,furiosaamadmaxsaga,786892
draper_,Challengers,2024,10.0,challengers,,challengers,937287
draper_,Dune: Part Two,2024,10.0,dune-part-two,,duneparttwo,693134
draper_,I Saw the TV Glow,2024,8.0,i-saw-the-tv-glow,,isawthetvglow,858017
draper_,Godzilla Minus One,2023,9.0,godzilla-minus-one,,godzillaminusone,940721
draper_,Dream Scenario,2023,6.0,dream-scenario,,dreamscenario,823482
draper_,Priscilla,2023,6.0,priscilla,,priscilla,1020006
draper_,The Beast,2019,9.0,the-beast-2023-1,,thebeast,459410
draper_,The Killer,2023,6.0,the-killer-2023,2023.0,thekiller,800158
draper_,Poor Things,2023,8.0,poor-things-2023,2023.0,poorthings,792307
draper_,The Holdovers,2023,9.0,the-holdovers,,theholdovers,840430
draper_,Oppenheimer,2023,10.0,oppenheimer-2023,2023.0,oppenheimer,872585
draper_,Mission: Impossible – Dead Reckoning,2023,9.0,mission-impossible-dead-reckoning,,missionimpossible–deadreckoning,575264
draper_,Barbie,2023,8.0,barbie,,barbie,346698
draper_,Spider-Man: Across the Spider-Verse,2023,9.0,spider-man-across-the-spider-verse,,spidermanacrossthespiderverse,569094
draper_,Anatomy of a Fall,2023,8.0,anatomy-of-a-fall,,anatomyofafall,915935
draper_,Killers of the Flower Moon,2023,10.0,killers-of-the-flower-moon,,killersoftheflowermoon,466420
draper_,May December,2023,6.0,may-december,,maydecember,839369
draper_,The Zone of Interest,2023,9.0,the-zone-of-interest,,thezoneofinterest,467244
draper_,Guardians of the Galaxy Vol. 3,2023,9.0,guardians-of-the-galaxy-vol-3,,guardiansofthegalaxyvol3,447365
draper_,Bottoms,2023,6.0,bottoms,,bottoms,814776
draper_,Past Lives,2023,9.0,past-lives,,pastlives,666277
draper_,Babylon,2022,9.0,babylon-2022,2022.0,babylon,615777
draper_,Avatar: The Way of Water,2022,4.0,avatar-the-way-of-water,,avatarthewayofwater,76600
draper_,The Fabelmans,2022,9.0,the-fabelmans,,thefabelmans,804095
draper_,The Menu,2022,5.0,the-menu-2022,2022.0,themenu,593643
draper_,Glass Onion,2022,6.0,glass-onion,,glassonion,661374
draper_,The Banshees of Inisherin,2022,9.0,the-banshees-of-inisherin,,thebansheesofinisherin,674324
draper_,The Whale,2022,8.0,the-whale-2022,2022.0,thewhale,785084
draper_,TÁR,2022,9.0,tar-2022,2022.0,tár,817758
draper_,Bullet Train,2022,7.0,bullet-train,,bullettrain,718930
draper_,Nope,2022,9.0,nope,,nope,762504
draper_,Thor: Love and Thunder,2022,4.0,thor-love-and-thunder,,thorloveandthunder,616037
draper_,Top Gun: Maverick,2022,9.0,top-gun-maverick,,topgunmaverick,361743
draper_,The Northman,2022,9.0,the-northman,,thenorthman,639933
draper_,The Unbearable Weight of Massive Talent,2022,4.0,the-unbearable-weight-of-massive-talent,,theunbearableweightofmassivetalent,648579
draper_,Everything Everywhere All at Once,2022,5.0,everything-everywhere-all-at-once,,everythingeverywhereallatonce,545611
draper_,The Batman,2022,10.0,the-batman,,thebatman,414906
draper_,Spider-Man: No Way Home,2021,6.0,spider-man-no-way-home,,spidermannowayhome,634649
draper_,Licorice Pizza,2021,8.0,licorice-pizza,,licoricepizza,718032
draper_,Last Night in Soho,2021,6.0,last-night-in-soho,,lastnightinsoho,576845
draper_,Spencer,2021,8.0,spencer-2021,2021.0,spencer,716612
draper_,Dune,2021,9.0,dune-2021,2021.0,dune,438631
draper_,C'mon C'mon,2021,6.0,cmon-cmon,,cmoncmon,632617
draper_,Pig,2021,8.0,pig-2021,2021.0,pig,635731
draper_,Luca,2021,4.0,luca-2021,2021.0,luca,508943
draper_,The Suicide Squad,2021,8.0,the-suicide-squad,,thesuicidesquad,436969
draper_,Tenet,2020,8.0,tenet,,tenet,577922
draper_,Shiva Baby,2020,8.0,shiva-baby-2020,2020.0,shivababy,664300
draper_,The Father,2020,8.0,the-father-2020,2020.0,thefather,600354
draper_,Promising Young Woman,2020,8.0,promising-young-woman,,promisingyoungwoman,582014
draper_,1917,2019,8.0,1917,,1917,530915
draper_,The Irishman,2019,6.0,the-irishman-2019,2019.0,theirishman,398978
draper_,Jojo Rabbit,2019,8.0,jojo-rabbit,,jojorabbit,515001
draper_,Knives Out,2019,8.0,knives-out-2019,2019.0,knivesout,546554
draper_,Sound of Metal,2020,9.0,sound-of-metal,,soundofmetal,502033
draper_,Joker,2019,8.0,joker-2019,2019.0,joker,475557
draper_,Ford v Ferrari,2019,9.0,ford-v-ferrari,,fordvferrari,359724
draper_,Uncut Gems,2019,9.0,uncut-gems,,uncutgems,473033
draper_,Spider-Man: Far From Home,2019,6.0,spider-man-far-from-home,,spidermanfarfromhome,429617
draper_,Parasite,2019,10.0,parasite-2019,2019.0,parasite,496243
draper_,Once Upon a Time... in Hollywood,2019,5.0,once-upon-a-time-in-hollywood,,onceuponatimeinhollywood,466272
draper_,The Lighthouse,2019,10.0,the-lighthouse-2019,2019.0,thelighthouse,503919
draper_,Portrait of a Lady on Fire,2019,10.0,portrait-of-a-lady-on-fire,,portraitofaladyonfire,531428
draper_,Avengers: Endgame,2019,8.0,avengers-endgame,,avengersendgame,299534
draper_,Us,2019,8.0,us-2019,2019.0,us,458723
draper_,Spider-Man: Into the Spider-Verse,2018,9.0,spider-man-into-the-spider-verse,,spidermanintothespiderverse,324857
draper_,Bohemian Rhapsody,2018,2.0,bohemian-rhapsody-the-complete-live-aid-performance,,bohemianrhapsody,424694
draper_,The Favourite,2018,10.0,the-favourite,,thefavourite,375262
draper_,First Man,2018,7.0,first-man,,firstman,369972
draper_,Mission: Impossible – Fallout,2018,10.0,mission-impossible-fallout,,missionimpossible–fallout,353081
draper_,Incredibles 2,2018,8.0,incredibles-2,,incredibles2,260513
draper_,Deadpool 2,2018,8.0,deadpool-2,,deadpool2,383498
draper_,BlacKkKlansman,2018,8.0,blackkklansman,,blackkklansman,487558
draper_,Avengers: Infinity War,2018,8.0,avengers-infinity-war,,avengersinfinitywar,299536
draper_,Shiva Baby,2020,8.0,shiva-baby,,shivababy,664300
draper_,A Quiet Place,2018,8.0,a-quiet-place-2018,2018.0,aquietplace,447332
draper_,Game Night,2018,5.0,game-night,,gamenight,445571
draper_,Black Panther,2018,4.0,black-panther,,blackpanther,284054
draper_,Phantom Thread,2017,9.0,phantom-thread,,phantomthread,400617
draper_,Star Wars: The Last Jedi,2017,4.0,star-wars-the-last-jedi,,starwarsthelastjedi,181808
draper_,Paddington 2,2017,10.0,paddington-2,,paddington2,346648
draper_,Thor: Ragnarok,2017,4.0,thor-ragnarok,,thorragnarok,284053
draper_,"Three Billboards Outside Ebbing, Missouri",2017,8.0,three-billboards-outside-ebbing-missouri,,"threebillboardsoutsideebbing,missouri",359940
draper_,Lady Bird,2017,8.0,lady-bird,,ladybird,391713
draper_,The Shape of Water,2017,8.0,the-shape-of-water,,theshapeofwater,399055
draper_,Dunkirk,2017,9.0,dunkirk-2017,2017.0,dunkirk,374720
draper_,Spider-Man: Homecoming,2017,6.0,spider-man-homecoming,,spidermanhomecoming,315635
draper_,Good Time,2017,8.0,good-time,,goodtime,429200
draper_,The Florida Project,2017,8.0,the-florida-project,,thefloridaproject,394117
draper_,Guardians of the Galaxy Vol. 2,2017,8.0,guardians-of-the-galaxy-vol-2,,guardiansofthegalaxyvol2,283995
draper_,Baby Driver,2017,5.0,baby-driver,,babydriver,339403
draper_,The Lego Batman Movie,2017,8.0,the-lego-batman-movie,,thelegobatmanmovie,324849
draper_,Get Out,2017,8.0,get-out-2017,2017.0,getout,419430
draper_,Call Me by Your Name,2017,8.0,call-me-by-your-name,,callmebyyourname,398818
draper_,Rogue One: A Star Wars Story,2016,9.0,rogue-one-a-star-wars-story,,rogueoneastarwarsstory,330459
draper_,Doctor Strange,2016,6.0,doctor-strange-2016,2016.0,doctorstrange,284052
draper_,Moonlight,2016,8.0,moonlight-2016,2016.0,moonlight,376867
draper_,Arrival,2016,9.0,arrival-2016,2016.0,arrival,329865
draper_,La La Land,2016,10.0,la-la-land,,lalaland,313369
draper_,The Nice Guys,2016,8.0,the-nice-guys,,theniceguys,290250
draper_,Captain America: Civil War,2016,8.0,captain-america-civil-war,,captainamericacivilwar,271110
draper_,Deadpool,2016,8.0,deadpool,,deadpool,293660
draper_,Manchester by the Sea,2016,9.0,manchester-by-the-sea,,manchesterbythesea,334541
draper_,The Revenant,2015,9.0,the-revenant-2015,2015.0,therevenant,281957
draper_,Star Wars: The Force Awakens,2015,4.0,star-wars-the-force-awakens,,starwarstheforceawakens,140607
draper_,Spotlight,2015,6.0,spotlight,,spotlight,314365
draper_,Mission: Impossible – Rogue Nation,2015,9.0,mission-impossible-rogue-nation,,missionimpossible–roguenation,177677
draper_,Ant-Man,2015,2.0,ant-man,,antman,102899
draper_,Inside Out,2015,8.0,inside-out-2015,2015.0,insideout,150540
draper_,The Lobster,2015,8.0,the-lobster,,thelobster,254320
draper_,Mad Max: Fury Road,2015,10.0,mad-max-fury-road,,madmaxfuryroad,76341
draper_,Ex Machina,2015,9.0,ex-machina-2015,2015.0,exmachina,264660
draper_,Interstellar,2014,10.0,interstellar,,interstellar,157336
draper_,Gone Girl,2014,8.0,gone-girl,,gonegirl,210577
draper_,Nightcrawler,2014,9.0,nightcrawler,,nightcrawler,242582
draper_,Birdman or (The Unexpected Virtue of Ignorance),2014,8.0,birdman-or-the-unexpected-virtue-of-ignorance,,birdmanor(theunexpectedvirtueofignorance),194662
draper_,Guardians of the Galaxy,2017,8.0,guardians-of-the-galaxy,,guardiansofthegalaxy,283995
draper_,The Grand Budapest Hotel,2014,8.0,the-grand-budapest-hotel,,thegrandbudapesthotel,120467
draper_,What We Do in the Shadows,2014,6.0,what-we-do-in-the-shadows,,whatwedointheshadows,246741
draper_,Whiplash,2014,10.0,whiplash-2014,2014.0,whiplash,244786
draper_,The Wolf of Wall Street,2013,10.0,the-wolf-of-wall-street,,thewolfofwallstreet,106646
draper_,Her,2013,8.0,her,,her,152601
draper_,Enemy,2014,6.0,enemy,,enemy,181886
draper_,Iron Man 3,2013,4.0,iron-man-3,,ironman3,68721
draper_,Whiplash,2013,10.0,whiplash-2013,2013.0,whiplash,244786
draper_,Frances Ha,2013,6.0,frances-ha,,francesha,121986
draper_,The Dark Knight Rises,2012,6.0,the-dark-knight-rises,,thedarkknightrises,49026
draper_,Ted,2012,4.0,ted,,ted,72105
draper_,Moonrise Kingdom,2015,6.0,moonrise-kingdom,,moonrisekingdom,1049516
draper_,The Avengers,2012,8.0,the-avengers-2012,2012.0,theavengers,24428
draper_,Mission: Impossible – Ghost Protocol,2011,8.0,mission-impossible-ghost-protocol,,missionimpossible–ghostprotocol,56292
draper_,Drive,2011,8.0,drive-2011,2011.0,drive,64690
draper_,The Social Network,2010,7.0,the-social-network,,thesocialnetwork,37799
draper_,Scott Pilgrim vs. the World,2010,10.0,scott-pilgrim-vs-the-world,,scottpilgrimvstheworld,22538
draper_,Inception,2010,10.0,inception,,inception,27205
draper_,Toy Story 3,2010,10.0,toy-story-3,,toystory3,10193
draper_,Avatar,2009,5.0,avatar,,avatar,19995
draper_,Fantastic Mr. Fox,2009,9.0,fantastic-mr-fox,,fantasticmrfox,10315
draper_,Inglourious Basterds,2009,10.0,inglourious-basterds,,inglouriousbasterds,16869
draper_,Up,2009,9.0,up,,up,14160
draper_,The Dark Knight,2008,10.0,the-dark-knight,,thedarkknight,155
draper_,WALL·E,2008,8.0,walle,,wall·e,10681
draper_,Iron Man,2008,8.0,iron-man-2008,2008.0,ironman,1726
draper_,Ratatouille,2007,8.0,ratatouille,,ratatouille,2062
draper_,The Prestige,2006,10.0,the-prestige,,theprestige,1124
draper_,Mission: Impossible III,2006,8.0,mission-impossible-iii,,missionimpossibleiii,956
draper_,Batman Begins,2005,7.0,batman-begins,,batmanbegins,272
draper_,Spider-Man 2,2004,10.0,spider-man-2,,spiderman2,558
draper_,Shaun of the Dead,2004,10.0,shaun-of-the-dead,,shaunofthedead,747
draper_,Eternal Sunshine of the Spotless Mind,2004,9.0,eternal-sunshine-of-the-spotless-mind,,eternalsunshineofthespotlessmind,38
draper_,Before Sunset,2004,10.0,before-sunset,,beforesunset,80
draper_,The Lord of the Rings: The Return of the King,2003,10.0,the-lord-of-the-rings-the-return-of-the-king,,thelordoftheringsthereturnoftheking,122
draper_,Oldboy,2013,10.0,oldboy,,oldboy,87516
draper_,Finding Nemo,2003,3.0,finding-nemo,,findingnemo,12
draper_,The Lord of the Rings: The Two Towers,2002,10.0,the-lord-of-the-rings-the-two-towers,,thelordoftheringsthetwotowers,121
draper_,Catch Me If You Can,2002,9.0,catch-me-if-you-can-2002,2002.0,catchmeifyoucan,640
draper_,Punch-Drunk Love,2002,8.0,punch-drunk-love,,punchdrunklove,8051
draper_,Insomnia,2002,5.0,insomnia-2002,2002.0,insomnia,320
draper_,The Lord of the Rings: The Fellowship of the Ring,2001,10.0,the-lord-of-the-rings-the-fellowship-of-the-ring,,thelordoftheringsthefellowshipofthering,120
draper_,Ocean's Eleven,2001,8.0,oceans-eleven-2001,2001.0,oceanseleven,161
draper_,Memento,2000,9.0,memento,,memento,77
draper_,Mission: Impossible II,2000,4.0,mission-impossible-ii,,missionimpossibleii,955
draper_,The Matrix,1999,10.0,the-matrix,,thematrix,603
draper_,Rushmore,1998,8.0,rushmore,,rushmore,11545
draper_,Space Jam,1996,6.0,space-jam,,spacejam,2300
draper_,Mission: Impossible,1996,8.0,mission-impossible,,missionimpossible,954
draper_,Fargo,1996,8.0,fargo,,fargo,275
draper_,Se7en,1995,10.0,se7en,,se7en,807
draper_,Before Sunrise,1995,9.0,before-sunrise,,beforesunrise,76
draper_,Pulp Fiction,1994,10.0,pulp-fiction,,pulpfiction,680
draper_,Jurassic Park,1993,8.0,jurassic-park,,jurassicpark,329
draper_,Alien³,1997,4.0,alien-3,,alien³,272108
draper_,The Silence of the Lambs,1991,9.0,the-silence-of-the-lambs,,thesilenceofthelambs,274
draper_,Die Hard,1988,9.0,die-hard,,diehard,562
draper_,Top Gun,1986,7.0,top-gun,,topgun,744
draper_,Back to the Future,1985,8.0,back-to-the-future,,backtothefuture,105
draper_,Indiana Jones and the Temple of Doom,1984,8.0,indiana-jones-and-the-temple-of-doom,,indianajonesandthetempleofdoom,87
draper_,Blade Runner,1982,7.0,blade-runner,,bladerunner,78
draper_,E.T. the Extra-Terrestrial,1982,8.0,et-the-extra-terrestrial,,ettheextraterrestrial,601
draper_,The Evil Dead,1981,8.0,the-evil-dead,,theevildead,764
draper_,Raiders of the Lost Ark,1981,8.0,raiders-of-the-lost-ark,,raidersofthelostark,85
draper_,Airplane!,1980,4.0,airplane,,airplane!,813
draper_,The Shining,1980,8.0,the-shining,,theshining,694
draper_,The Empire Strikes Back,1980,8.0,the-empire-strikes-back,,theempirestrikesback,1891
draper_,Superman,2025,8.0,superman,,superman,1061474
draper_,Star Wars,1977,8.0,star-wars,,starwars,11
draper_,Rocky,1976,7.0,rocky,,rocky,1366
draper_,Taxi Driver,1976,8.0,taxi-driver,,taxidriver,103
draper_,Jaws,1975,8.0,jaws,,jaws,578
draper_,2001: A Space Odyssey,1968,9.0,2001-a-space-odyssey,,2001aspaceodyssey,62
draper_,Dr. Strangelove or: How I Learned to Stop Worrying and Love the Bomb,1964,8.0,dr-strangelove-or-how-i-learned-to-stop-worrying-and-love-the-bomb,,drstrangeloveorhowilearnedtostopworryingandlovethebomb,935
draper_,Rear Window,1954,8.0,rear-window,,rearwindow,567
draper_,Citizen Kane,1941,9.0,citizen-kane,,citizenkane,15
draper_,Nosferatu,2024,8.0,nosferatu,,nosferatu,426063
jonathanfujii,Superman,2025,6.0,superman-2025,2025.0,superman,1061474
jonathanfujii,Mission: Impossible – The Final Reckoning,2025,7.0,mission-impossible-the-final-reckoning,,missionimpossible–thefinalreckoning,575265
jonathanfujii,Sinners,2025,10.0,sinners-2025,2025.0,sinners,1233413
jonathanfujii,A Complete Unknown,2024,6.0,a-complete-unknown,,acompleteunknown,661539
jonathanfujii,Wallace & Gromit: Vengeance Most Fowl,2024,7.0,wallace-gromit-vengeance-most-fowl,,wallace&gromitvengeancemostfowl,929204
jonathanfujii,Nosferatu,2024,9.0,nosferatu-2024,2024.0,nosferatu,426063
jonathanfujii,Juror #2,2024,7.0,juror-2,,juror#2,1106739
jonathanfujii,Joker: Folie à Deux,2024,4.0,joker-folie-a-deux,,jokerfolieàdeux,889737
jonathanfujii,The Brutalist,2024,9.0,the-brutalist,,thebrutalist,549509
jonathanfujii,Nickel Boys,2024,7.0,nickel-boys,,nickelboys,1028196
jonathanfujii,Conclave,2024,8.0,conclave,,conclave,974576
jonathanfujii,Beetlejuice Beetlejuice,2024,7.0,beetlejuice-beetlejuice,,beetlejuicebeetlejuice,917496
jonathanfujii,Alien: Romulus,2024,7.0,alien-romulus,,alienromulus,945961
jonathanfujii,Trap,2024,6.0,trap-2024,2024.0,trap,1032823
jonathanfujii,Anora,2024,10.0,anora,,anora,1064213
jonathanfujii,The Substance,2024,7.0,the-substance,,thesubstance,933260
jonathanfujii,Megalopolis,2024,5.0,megalopolis-2024,2024.0,megalopolis,592831
jonathanfujii,Furiosa: A Mad Max Saga,2024,8.0,furiosa-a-mad-max-saga,,furiosaamadmaxsaga,786892
jonathanfujii,Challengers,2024,8.0,challengers,,challengers,937287
jonathanfujii,Dune: Part Two,2024,10.0,dune-part-two,,duneparttwo,693134
jonathanfujii,I Saw the TV Glow,2024,7.0,i-saw-the-tv-glow,,isawthetvglow,858017
jonathanfujii,Godzilla Minus One,2023,8.0,godzilla-minus-one,,godzillaminusone,940721
jonathanfujii,Dream Scenario,2023,7.0,dream-scenario,,dreamscenario,823482
jonathanfujii,Priscilla,2023,8.0,priscilla,,priscilla,1020006
jonathanfujii,The Killer,2023,8.0,the-killer-2023,2023.0,thekiller,800158
jonathanfujii,Poor Things,2023,8.0,poor-things-2023,2023.0,poorthings,792307
jonathanfujii,The Holdovers,2023,9.0,the-holdovers,,theholdovers,840430
jonathanfujii,Oppenheimer,2023,10.0,oppenheimer-2023,2023.0,oppenheimer,872585
jonathanfujii,Mission: Impossible – Dead Reckoning,2023,9.0,mission-impossible-dead-reckoning,,missionimpossible–deadreckoning,575264
jonathanfujii,Barbie,2023,10.0,barbie,,barbie,346698
jonathanfujii,Spider-Man: Across the Spider-Verse,2023,10.0,spider-man-across-the-spider-verse,,spidermanacrossthespiderverse,569094
jonathanfujii,Anatomy of a Fall,2023,9.0,anatomy-of-a-fall,,anatomyofafall,915935
jonathanfujii,May December,2023,10.0,may-december,,maydecember,839369
jonathanfujii,Killers of the Flower Moon,2023,9.0,killers-of-the-flower-moon,,killersoftheflowermoon,466420
jonathanfujii,The Zone of Interest,2023,8.0,the-zone-of-interest,,thezoneofinterest,467244
jonathanfujii,Guardians of the Galaxy Vol. 3,2023,8.0,guardians-of-the-galaxy-vol-3,,guardiansofthegalaxyvol3,447365
jonathanfujii,Bottoms,2023,8.0,bottoms,,bottoms,814776
jonathanfujii,Past Lives,2023,10.0,past-lives,,pastlives,666277
jonathanfujii,Babylon,2022,10.0,babylon-2022,2022.0,babylon,615777
jonathanfujii,Avatar: The Way of Water,2022,9.0,avatar-the-way-of-water,,avatarthewayofwater,76600
jonathanfujii,The Menu,2022,8.0,the-menu-2022,2022.0,themenu,593643
jonathanfujii,The Fabelmans,2022,6.0,the-fabelmans,,thefabelmans,804095
jonathanfujii,Glass Onion,2022,8.0,glass-onion,,glassonion,661374
jonathanfujii,The Banshees of Inisherin,2022,8.0,the-banshees-of-inisherin,,thebansheesofinisherin,674324
jonathanfujii,The Whale,2022,7.0,the-whale-2022,2022.0,thewhale,785084
jonathanfujii,TÁR,2022,8.0,tar-2022,2022.0,tár,817758
jonathanfujii,Bullet Train,2022,7.0,bullet-train,,bullettrain,718930
jonathanfujii,Nope,2022,10.0,nope,,nope,762504
jonathanfujii,Thor: Love and Thunder,2022,6.0,thor-love-and-thunder,,thorloveandthunder,616037
jonathanfujii,Top Gun: Maverick,2022,9.0,top-gun-maverick,,topgunmaverick,361743
jonathanfujii,The Northman,2022,7.0,the-northman,,thenorthman,639933
jonathanfujii,The Unbearable Weight of Massive Talent,2022,6.0,the-unbearable-weight-of-massive-talent,,theunbearableweightofmassivetalent,648579
jonathanfujii,Everything Everywhere All at Once,2022,10.0,everything-everywhere-all-at-once,,everythingeverywhereallatonce,545611
jonathanfujii,The Batman,2022,8.0,the-batman,,thebatman,414906
jonathanfujii,Spider-Man: No Way Home,2021,9.0,spider-man-no-way-home,,spidermannowayhome,634649
jonathanfujii,Licorice Pizza,2021,8.0,licorice-pizza,,licoricepizza,718032
jonathanfujii,Last Night in Soho,2021,6.0,last-night-in-soho,,lastnightinsoho,576845
jonathanfujii,Spencer,2021,8.0,spencer-2021,2021.0,spencer,716612
jonathanfujii,Dune,2021,8.0,dune-2021,2021.0,dune,438631
jonathanfujii,C'mon C'mon,2021,8.0,cmon-cmon,,cmoncmon,632617
jonathanfujii,Pig,2021,7.0,pig-2021,2021.0,pig,635731
jonathanfujii,Luca,2021,9.0,luca-2021,2021.0,luca,508943
jonathanfujii,The Suicide Squad,2021,8.0,the-suicide-squad,,thesuicidesquad,436969
jonathanfujii,Tenet,2020,7.0,tenet,,tenet,577922
jonathanfujii,Shiva Baby,2020,6.0,shiva-baby-2020,2020.0,shivababy,664300
jonathanfujii,The Father,2020,8.0,the-father-2020,2020.0,thefather,600354
jonathanfujii,Promising Young Woman,2020,8.0,promising-young-woman,,promisingyoungwoman,582014
jonathanfujii,1917,2019,7.0,1917,,1917,530915
jonathanfujii,The Irishman,2019,6.0,the-irishman-2019,2019.0,theirishman,398978
jonathanfujii,Jojo Rabbit,2019,9.0,jojo-rabbit,,jojorabbit,515001
jonathanfujii,Knives Out,2019,8.0,knives-out-2019,2019.0,knivesout,546554
jonathanfujii,Sound of Metal,2020,8.0,sound-of-metal,,soundofmetal,502033
jonathanfujii,Joker,2019,7.0,joker-2019,2019.0,joker,475557
jonathanfujii,Ford v Ferrari,2019,8.0,ford-v-ferrari,,fordvferrari,359724
jonathanfujii,Uncut Gems,2019,8.0,uncut-gems,,uncutgems,473033
jonathanfujii,Spider-Man: Far From Home,2019,7.0,spider-man-far-from-home,,spidermanfarfromhome,429617
jonathanfujii,Once Upon a Time... in Hollywood,2019,9.0,once-upon-a-time-in-hollywood,,onceuponatimeinhollywood,466272
jonathanfujii,Parasite,2019,10.0,parasite-2019,2019.0,parasite,496243
jonathanfujii,Portrait of a Lady on Fire,2019,9.0,portrait-of-a-lady-on-fire,,portraitofaladyonfire,531428
jonathanfujii,The Lighthouse,2019,7.0,the-lighthouse-2019,2019.0,thelighthouse,503919
jonathanfujii,Avengers: Endgame,2019,9.0,avengers-endgame,,avengersendgame,299534
jonathanfujii,Us,2019,9.0,us-2019,2019.0,us,458723
jonathanfujii,Spider-Man: Into the Spider-Verse,2018,8.0,spider-man-into-the-spider-verse,,spidermanintothespiderverse,324857
jonathanfujii,Bohemian Rhapsody,2018,3.0,bohemian-rhapsody-the-complete-live-aid-performance,,bohemianrhapsody,424694
jonathanfujii,The Favourite,2018,9.0,the-favourite,,thefavourite,375262
jonathanfujii,First Man,2018,8.0,first-man,,firstman,369972
jonathanfujii,Mission: Impossible – Fallout,2018,9.0,mission-impossible-fallout,,missionimpossible–fallout,353081
jonathanfujii,Incredibles 2,2018,9.0,incredibles-2,,incredibles2,260513
jonathanfujii,Deadpool 2,2018,7.0,deadpool-2,,deadpool2,383498
jonathanfujii,BlacKkKlansman,2018,8.0,blackkklansman,,blackkklansman,487558
jonathanfujii,Avengers: Infinity War,2018,9.0,avengers-infinity-war,,avengersinfinitywar,299536
jonathanfujii,A Quiet Place,2018,9.0,a-quiet-place-2018,2018.0,aquietplace,447332
jonathanfujii,Game Night,2018,10.0,game-night,,gamenight,445571
jonathanfujii,Black Panther,2018,7.0,black-panther,,blackpanther,284054
jonathanfujii,Phantom Thread,2017,8.0,phantom-thread,,phantomthread,400617
jonathanfujii,Star Wars: The Last Jedi,2017,8.0,star-wars-the-last-jedi,,starwarsthelastjedi,181808
jonathanfujii,Paddington 2,2017,10.0,paddington-2,,paddington2,346648
jonathanfujii,Thor: Ragnarok,2017,9.0,thor-ragnarok,,thorragnarok,284053
jonathanfujii,"Three Billboards Outside Ebbing, Missouri",2017,7.0,three-billboards-outside-ebbing-missouri,,"threebillboardsoutsideebbing,missouri",359940
jonathanfujii,Lady Bird,2017,9.0,lady-bird,,ladybird,391713
jonathanfujii,The Shape of Water,2017,8.0,the-shape-of-water,,theshapeofwater,399055
jonathanfujii,Dunkirk,2017,8.0,dunkirk-2017,2017.0,dunkirk,374720
jonathanfujii,Spider-Man: Homecoming,2017,8.0,spider-man-homecoming,,spidermanhomecoming,315635
jonathanfujii,Good Time,2017,8.0,good-time,,goodtime,429200
jonathanfujii,The Florida Project,2017,6.0,the-florida-project,,thefloridaproject,394117
jonathanfujii,Guardians of the Galaxy Vol. 2,2017,7.0,guardians-of-the-galaxy-vol-2,,guardiansofthegalaxyvol2,283995
jonathanfujii,Baby Driver,2017,9.0,baby-driver,,babydriver,339403
jonathanfujii,The Lego Batman Movie,2017,7.0,the-lego-batman-movie,,thelegobatmanmovie,324849
jonathanfujii,Get Out,2017,10.0,get-out-2017,2017.0,getout,419430
jonathanfujii,Call Me by Your Name,2017,9.0,call-me-by-your-name,,callmebyyourname,398818
jonathanfujii,Rogue One: A Star Wars Story,2016,6.0,rogue-one-a-star-wars-story,,rogueoneastarwarsstory,330459
jonathanfujii,Doctor Strange,2016,7.0,doctor-strange-2016,2016.0,doctorstrange,284052
jonathanfujii,Moonlight,2016,9.0,moonlight-2016,2016.0,moonlight,376867
jonathanfujii,Arrival,2016,9.0,arrival-2016,2016.0,arrival,329865
jonathanfujii,La La Land,2016,10.0,la-la-land,,lalaland,313369
jonathanfujii,The Nice Guys,2016,9.0,the-nice-guys,,theniceguys,290250
jonathanfujii,Captain America: Civil War,2016,8.0,captain-america-civil-war,,captainamericacivilwar,271110
jonathanfujii,Deadpool,2016,6.0,deadpool,,deadpool,293660
jonathanfujii,Manchester by the Sea,2016,10.0,manchester-by-the-sea,,manchesterbythesea,334541
jonathanfujii,The Revenant,2015,8.0,the-revenant-2015,2015.0,therevenant,281957
jonathanfujii,Star Wars: The Force Awakens,2015,7.0,star-wars-the-force-awakens,,starwarstheforceawakens,140607
jonathanfujii,Spotlight,2015,10.0,spotlight,,spotlight,314365
jonathanfujii,Mission: Impossible – Rogue Nation,2015,9.0,mission-impossible-rogue-nation,,missionimpossible–roguenation,177677
jonathanfujii,Ant-Man,2015,7.0,ant-man,,antman,102899
jonathanfujii,Inside Out,2015,10.0,inside-out-2015,2015.0,insideout,150540
jonathanfujii,The Lobster,2015,5.0,the-lobster,,thelobster,254320
jonathanfujii,Mad Max: Fury Road,2015,9.0,mad-max-fury-road,,madmaxfuryroad,76341
jonathanfujii,Ex Machina,2015,8.0,ex-machina-2015,2015.0,exmachina,264660
jonathanfujii,Interstellar,2014,10.0,interstellar,,interstellar,157336
jonathanfujii,Gone Girl,2014,10.0,gone-girl,,gonegirl,210577
jonathanfujii,Nightcrawler,2014,8.0,nightcrawler,,nightcrawler,242582
jonathanfujii,Birdman or (The Unexpected Virtue of Ignorance),2014,9.0,birdman-or-the-unexpected-virtue-of-ignorance,,birdmanor(theunexpectedvirtueofignorance),194662
jonathanfujii,Guardians of the Galaxy,2017,9.0,guardians-of-the-galaxy,,guardiansofthegalaxy,283995
jonathanfujii,The Grand Budapest Hotel,2014,8.0,the-grand-budapest-hotel,,thegrandbudapesthotel,120467
jonathanfujii,What We Do in the Shadows,2014,7.0,what-we-do-in-the-shadows,,whatwedointheshadows,246741
jonathanfujii,Whiplash,2014,10.0,whiplash-2014,2014.0,whiplash,244786
jonathanfujii,The Wolf of Wall Street,2013,10.0,the-wolf-of-wall-street,,thewolfofwallstreet,106646
jonathanfujii,Her,2013,10.0,her,,her,152601
jonathanfujii,Enemy,2014,6.0,enemy,,enemy,181886
jonathanfujii,Iron Man 3,2013,7.0,iron-man-3,,ironman3,68721
jonathanfujii,Frances Ha,2013,9.0,frances-ha,,francesha,121986
jonathanfujii,The Dark Knight Rises,2012,8.0,the-dark-knight-rises,,thedarkknightrises,49026
jonathanfujii,Ted,2012,7.0,ted,,ted,72105
jonathanfujii,Moonrise Kingdom,2015,7.0,moonrise-kingdom,,moonrisekingdom,1049516
jonathanfujii,The Avengers,2012,8.0,the-avengers-2012,2012.0,theavengers,24428
jonathanfujii,Mission: Impossible – Ghost Protocol,2011,9.0,mission-impossible-ghost-protocol,,missionimpossible–ghostprotocol,56292
jonathanfujii,Drive,2011,8.0,drive-2011,2011.0,drive,64690
jonathanfujii,The Social Network,2010,10.0,the-social-network,,thesocialnetwork,37799
jonathanfujii,Scott Pilgrim vs. the World,2010,10.0,scott-pilgrim-vs-the-world,,scottpilgrimvstheworld,22538
jonathanfujii,Inception,2010,8.0,inception,,inception,27205
jonathanfujii,Toy Story 3,2010,10.0,toy-story-3,,toystory3,10193
jonathanfujii,Avatar,2009,8.0,avatar,,avatar,19995
jonathanfujii,Fantastic Mr. Fox,2009,10.0,fantastic-mr-fox,,fantasticmrfox,10315
jonathanfujii,Inglourious Basterds,2009,10.0,inglourious-basterds,,inglouriousbasterds,16869
jonathanfujii,Up,2009,9.0,up,,up,14160
jonathanfujii,The Dark Knight,2008,10.0,the-dark-knight,,thedarkknight,155
jonathanfujii,WALL·E,2008,9.0,walle,,wall·e,10681
jonathanfujii,Iron Man,2008,8.0,iron-man-2008,2008.0,ironman,1726
jonathanfujii,Ratatouille,2007,9.0,ratatouille,,ratatouille,2062
jonathanfujii,The Prestige,2006,9.0,the-prestige,,theprestige,1124
jonathanfujii,Mission: Impossible III,2006,8.0,mission-impossible-iii,,missionimpossibleiii,956
jonathanfujii,Batman Begins,2005,8.0,batman-begins,,batmanbegins,272
jonathanfujii,Spider-Man 2,2004,9.0,spider-man-2,,spiderman2,558
jonathanfujii,Shaun of the Dead,2004,9.0,shaun-of-the-dead,,shaunofthedead,747
jonathanfujii,Eternal Sunshine of the Spotless Mind,2004,7.0,eternal-sunshine-of-the-spotless-mind,,eternalsunshineofthespotlessmind,38
jonathanfujii,Before Sunset,2004,9.0,before-sunset,,beforesunset,80
jonathanfujii,The Lord of the Rings: The Return of the King,2003,8.0,the-lord-of-the-rings-the-return-of-the-king,,thelordoftheringsthereturnoftheking,122
jonathanfujii,Oldboy,2013,10.0,oldboy,,oldboy,87516
jonathanfujii,Finding Nemo,2003,8.0,finding-nemo,,findingnemo,12
jonathanfujii,The Lord of the Rings: The Two Towers,2002,7.0,the-lord-of-the-rings-the-two-towers,,thelordoftheringsthetwotowers,121
jonathanfujii,Catch Me If You Can,2002,8.0,catch-me-if-you-can-2002,2002.0,catchmeifyoucan,640
jonathanfujii,Punch-Drunk Love,2002,8.0,punch-drunk-love,,punchdrunklove,8051
jonathanfujii,Insomnia,2002,8.0,insomnia-2002,2002.0,insomnia,320
jonathanfujii,The Lord of the Rings: The Fellowship of the Ring,2001,8.0,the-lord-of-the-rings-the-fellowship-of-the-ring,,thelordoftheringsthefellowshipofthering,120
jonathanfujii,Ocean's Eleven,2001,8.0,oceans-eleven-2001,2001.0,oceanseleven,161
jonathanfujii,Memento,2000,8.0,memento,,memento,77
jonathanfujii,Mission: Impossible II,2000,6.0,mission-impossible-ii,,missionimpossibleii,955
jonathanfujii,The Matrix,1999,8.0,the-matrix,,thematrix,603
jonathanfujii,Rushmore,1998,7.0,rushmore,,rushmore,11545
jonathanfujii,Space Jam,1996,4.0,space-jam,,spacejam,2300
jonathanfujii,Mission: Impossible,1996,7.0,mission-impossible,,missionimpossible,954
jonathanfujii,Fargo,1996,7.0,fargo,,fargo,275
jonathanfujii,Se7en,1995,10.0,se7en,,se7en,807
jonathanfujii,Before Sunrise,1995,8.0,before-sunrise,,beforesunrise,76
jonathanfujii,Pulp Fiction,1994,9.0,pulp-fiction,,pulpfiction,680
jonathanfujii,Jurassic Park,1993,9.0,jurassic-park,,jurassicpark,329
jonathanfujii,Alien³,1997,4.0,alien-3,,alien³,272108
jonathanfujii,The Silence of the Lambs,1991,8.0,the-silence-of-the-lambs,,thesilenceofthelambs,274
jonathanfujii,Die Hard,1988,8.0,die-hard,,diehard,562
jonathanfujii,Top Gun,1986,6.0,top-gun,,topgun,744
jonathanfujii,Back to the Future,1985,7.0,back-to-the-future,,backtothefuture,105
jonathanfujii,Indiana Jones and the Temple of Doom,1984,9.0,indiana-jones-and-the-temple-of-doom,,indianajonesandthetempleofdoom,87
jonathanfujii,Blade Runner,1982,7.0,blade-runner,,bladerunner,78
jonathanfujii,E.T. the Extra-Terrestrial,1982,8.0,et-the-extra-terrestrial,,ettheextraterrestrial,601
jonathanfujii,Raiders of the Lost Ark,1981,6.0,raiders-of-the-lost-ark,,raidersofthelostark,85
jonathanfujii,Airplane!,1980,8.0,airplane,,airplane!,813
jonathanfujii,The Shining,1980,9.0,the-shining,,theshining,694
jonathanfujii,The Empire Strikes Back,1980,7.0,the-empire-strikes-back,,theempirestrikesback,1891
jonathanfujii,Star Wars,1977,7.0,star-wars,,starwars,11
jonathanfujii,Rocky,1976,8.0,rocky,,rocky,1366
jonathanfujii,Taxi Driver,1976,8.0,taxi-driver,,taxidriver,103
jonathanfujii,Jaws,1975,8.0,jaws,,jaws,578
jonathanfujii,2001: A Space Odyssey,1968,7.0,2001-a-space-odyssey,,2001aspaceodyssey,62
jonathanfujii,Dr. Strangelove or: How I Learned to Stop Worrying and Love the Bomb,1964,7.0,dr-strangelove-or-how-i-learned-to-stop-worrying-and-love-the-bomb,,drstrangeloveorhowilearnedtostopworryingandlovethebomb,935
jonathanfujii,Rear Window,1954,8.0,rear-window,,rearwindow,567
jonathanfujii,Citizen Kane,1941,8.0,citizen-kane,,citizenkane,15
kurstboy,Superman,2025,4.0,superman-2025,2025.0,superman,1061474
kurstboy,Mission: Impossible – The Final Reckoning,2025,6.0,mission-impossible-the-final-reckoning,,missionimpossible–thefinalreckoning,575265
kurstboy,Sinners,2025,9.0,sinners-2025,2025.0,sinners,1233413
kurstboy,A Complete Unknown,2024,7.0,a-complete-unknown,,acompleteunknown,661539
kurstboy,Wallace & Gromit: Vengeance Most Fowl,2024,7.0,wallace-gromit-vengeance-most-fowl,,wallace&gromitvengeancemostfowl,929204
kurstboy,Nosferatu,2024,7.0,nosferatu-2024,2024.0,nosferatu,426063
kurstboy,Pig,2024,,pig-2024,2024.0,pig,635731
kurstboy,Juror #2,2024,7.0,juror-2,,juror#2,1106739
kurstboy,Joker: Folie à Deux,2024,4.0,joker-folie-a-deux,,jokerfolieàdeux,889737
kurstboy,The Brutalist,2024,9.0,the-brutalist,,thebrutalist,549509
kurstboy,Conclave,2024,8.0,conclave,,conclave,974576
kurstboy,Nickel Boys,2024,10.0,nickel-boys,,nickelboys,1028196
kurstboy,Beetlejuice Beetlejuice,2024,7.0,beetlejuice-beetlejuice,,beetlejuicebeetlejuice,917496
kurstboy,Alien: Romulus,2024,7.0,alien-romulus,,alienromulus,945961
kurstboy,Trap,2024,8.0,trap-2024,2024.0,trap,1032823
kurstboy,Anora,2024,9.0,anora,,anora,1064213
kurstboy,The Substance,2024,8.0,the-substance,,thesubstance,933260
kurstboy,Megalopolis,2024,7.0,megalopolis-2024,2024.0,megalopolis,592831
kurstboy,Furiosa: A Mad Max Saga,2024,8.0,furiosa-a-mad-max-saga,,furiosaamadmaxsaga,786892
kurstboy,Challengers,2024,10.0,challengers,,challengers,937287
kurstboy,Dune: Part Two,2024,10.0,dune-part-two,,duneparttwo,693134
kurstboy,I Saw the TV Glow,2024,8.0,i-saw-the-tv-glow,,isawthetvglow,858017
kurstboy,Godzilla Minus One,2023,9.0,godzilla-minus-one,,godzillaminusone,940721
kurstboy,Dream Scenario,2023,8.0,dream-scenario,,dreamscenario,823482
kurstboy,Priscilla,2023,8.0,priscilla,,priscilla,1020006
kurstboy,The Beast,2019,9.0,the-beast-2023-1,,thebeast,459410
kurstboy,The Killer,2023,8.0,the-killer-2023,2023.0,thekiller,800158
kurstboy,Poor Things,2023,10.0,poor-things-2023,2023.0,poorthings,792307
kurstboy,The Holdovers,2023,8.0,the-holdovers,,theholdovers,840430
kurstboy,Oppenheimer,2023,10.0,oppenheimer-2023,2023.0,oppenheimer,872585
kurstboy,Mission: Impossible – Dead Reckoning,2023,8.0,mission-impossible-dead-reckoning,,missionimpossible–deadreckoning,575264
kurstboy,Barbie,2023,9.0,barbie,,barbie,346698
kurstboy,Spider-Man: Across the Spider-Verse,2023,8.0,spider-man-across-the-spider-verse,,spidermanacrossthespiderverse,569094
kurstboy,Anatomy of a Fall,2023,9.0,anatomy-of-a-fall,,anatomyofafall,915935
kurstboy,Killers of the Flower Moon,2023,10.0,killers-of-the-flower-moon,,killersoftheflowermoon,466420
kurstboy,May December,2023,10.0,may-december,,maydecember,839369
kurstboy,The Zone of Interest,2023,10.0,the-zone-of-interest,,thezoneofinterest,467244
kurstboy,Guardians of the Galaxy Vol. 3,2023,7.0,guardians-of-the-galaxy-vol-3,,guardiansofthegalaxyvol3,447365
kurstboy,Bottoms,2023,8.0,bottoms,,bottoms,814776
kurstboy,Past Lives,2023,9.0,past-lives,,pastlives,666277
kurstboy,Babylon,2022,9.0,babylon-2022,2022.0,babylon,615777
kurstboy,Avatar: The Way of Water,2022,7.0,avatar-the-way-of-water,,avatarthewayofwater,76600
kurstboy,The Menu,2022,7.0,the-menu-2022,2022.0,themenu,593643
kurstboy,The Fabelmans,2022,9.0,the-fabelmans,,thefabelmans,804095
kurstboy,Glass Onion,2022,8.0,glass-onion,,glassonion,661374
kurstboy,The Banshees of Inisherin,2022,10.0,the-banshees-of-inisherin,,thebansheesofinisherin,674324
kurstboy,The Whale,2022,6.0,the-whale-2022,2022.0,thewhale,785084
kurstboy,TÁR,2022,9.0,tar-2022,2022.0,tár,817758
kurstboy,Bullet Train,2022,6.0,bullet-train,,bullettrain,718930
kurstboy,Nope,2022,10.0,nope,,nope,762504
kurstboy,Thor: Love and Thunder,2022,1.0,thor-love-and-thunder,,thorloveandthunder,616037
kurstboy,Top Gun: Maverick,2022,9.0,top-gun-maverick,,topgunmaverick,361743
kurstboy,The Northman,2022,9.0,the-northman,,thenorthman,639933
kurstboy,The Unbearable Weight of Massive Talent,2022,3.0,the-unbearable-weight-of-massive-talent,,theunbearableweightofmassivetalent,648579
kurstboy,Everything Everywhere All at Once,2022,8.0,everything-everywhere-all-at-once,,everythingeverywhereallatonce,545611
kurstboy,The Batman,2022,9.0,the-batman,,thebatman,414906
kurstboy,Spider-Man: No Way Home,2021,4.0,spider-man-no-way-home,,spidermannowayhome,634649
kurstboy,Licorice Pizza,2021,8.0,licorice-pizza,,licoricepizza,718032
kurstboy,Last Night in Soho,2021,4.0,last-night-in-soho,,lastnightinsoho,576845
kurstboy,Spencer,2021,9.0,spencer-2021,2021.0,spencer,716612
kurstboy,Dune,2021,9.0,dune-2021,2021.0,dune,438631
kurstboy,C'mon C'mon,2021,8.0,cmon-cmon,,cmoncmon,632617
kurstboy,Pig,2021,8.0,pig-2021,2021.0,pig,635731
kurstboy,Luca,2021,8.0,luca-2021,2021.0,luca,508943
kurstboy,The Suicide Squad,2021,4.0,the-suicide-squad,,thesuicidesquad,436969
kurstboy,Tenet,2020,7.0,tenet,,tenet,577922
kurstboy,Shiva Baby,2020,9.0,shiva-baby-2020,2020.0,shivababy,664300
kurstboy,The Father,2020,9.0,the-father-2020,2020.0,thefather,600354
kurstboy,Promising Young Woman,2020,8.0,promising-young-woman,,promisingyoungwoman,582014
kurstboy,1917,2019,8.0,1917,,1917,530915
kurstboy,The Irishman,2019,9.0,the-irishman-2019,2019.0,theirishman,398978
kurstboy,Jojo Rabbit,2019,9.0,jojo-rabbit,,jojorabbit,515001
kurstboy,Knives Out,2019,9.0,knives-out-2019,2019.0,knivesout,546554
kurstboy,Sound of Metal,2020,9.0,sound-of-metal,,soundofmetal,502033
kurstboy,Joker,2019,7.0,joker-2019,2019.0,joker,475557
kurstboy,Uncut Gems,2019,10.0,uncut-gems,,uncutgems,473033
kurstboy,Ford v Ferrari,2019,5.0,ford-v-ferrari,,fordvferrari,359724
kurstboy,Spider-Man: Far From Home,2019,6.0,spider-man-far-from-home,,spidermanfarfromhome,429617
kurstboy,Parasite,2019,10.0,parasite-2019,2019.0,parasite,496243
kurstboy,Once Upon a Time... in Hollywood,2019,9.0,once-upon-a-time-in-hollywood,,onceuponatimeinhollywood,466272
kurstboy,Portrait of a Lady on Fire,2019,10.0,portrait-of-a-lady-on-fire,,portraitofaladyonfire,531428
kurstboy,The Lighthouse,2019,10.0,the-lighthouse-2019,2019.0,thelighthouse,503919
kurstboy,Avengers: Endgame,2019,7.0,avengers-endgame,,avengersendgame,299534
kurstboy,Us,2019,8.0,us-2019,2019.0,us,458723
kurstboy,Spider-Man: Into the Spider-Verse,2018,9.0,spider-man-into-the-spider-verse,,spidermanintothespiderverse,324857
kurstboy,Bohemian Rhapsody,2018,4.0,bohemian-rhapsody-the-complete-live-aid-performance,,bohemianrhapsody,424694
kurstboy,The Favourite,2018,10.0,the-favourite,,thefavourite,375262
kurstboy,First Man,2018,9.0,first-man,,firstman,369972
kurstboy,Mission: Impossible – Fallout,2018,8.0,mission-impossible-fallout,,missionimpossible–fallout,353081
kurstboy,Incredibles 2,2018,9.0,incredibles-2,,incredibles2,260513
kurstboy,Deadpool 2,2018,6.0,deadpool-2,,deadpool2,383498
kurstboy,BlacKkKlansman,2018,8.0,blackkklansman,,blackkklansman,487558
kurstboy,Avengers: Infinity War,2018,8.0,avengers-infinity-war,,avengersinfinitywar,299536
kurstboy,A Quiet Place,2018,7.0,a-quiet-place-2018,2018.0,aquietplace,447332
kurstboy,Game Night,2018,5.0,game-night,,gamenight,445571
kurstboy,Black Panther,2018,8.0,black-panther,,blackpanther,284054
kurstboy,Phantom Thread,2017,10.0,phantom-thread,,phantomthread,400617
kurstboy,Star Wars: The Last Jedi,2017,9.0,star-wars-the-last-jedi,,starwarsthelastjedi,181808
kurstboy,Paddington 2,2017,9.0,paddington-2,,paddington2,346648
kurstboy,Thor: Ragnarok,2017,5.0,thor-ragnarok,,thorragnarok,284053
kurstboy,"Three Billboards Outside Ebbing, Missouri",2017,8.0,three-billboards-outside-ebbing-missouri,,"threebillboardsoutsideebbing,missouri",359940
kurstboy,Lady Bird,2017,10.0,lady-bird,,ladybird,391713
kurstboy,The Shape of Water,2017,7.0,the-shape-of-water,,theshapeofwater,399055
kurstboy,Dunkirk,2017,8.0,dunkirk-2017,2017.0,dunkirk,374720
kurstboy,Spider-Man: Homecoming,2017,7.0,spider-man-homecoming,,spidermanhomecoming,315635
kurstboy,Good Time,2017,8.0,good-time,,goodtime,429200
kurstboy,The Florida Project,2017,10.0,the-florida-project,,thefloridaproject,394117
kurstboy,Guardians of the Galaxy Vol. 2,2017,7.0,guardians-of-the-galaxy-vol-2,,guardiansofthegalaxyvol2,283995
kurstboy,Baby Driver,2017,9.0,baby-driver,,babydriver,339403
kurstboy,The Lego Batman Movie,2017,6.0,the-lego-batman-movie,,thelegobatmanmovie,324849
kurstboy,Get Out,2017,9.0,get-out-2017,2017.0,getout,419430
kurstboy,Call Me by Your Name,2017,8.0,call-me-by-your-name,,callmebyyourname,398818
kurstboy,Rogue One: A Star Wars Story,2016,5.0,rogue-one-a-star-wars-story,,rogueoneastarwarsstory,330459
kurstboy,Doctor Strange,2016,3.0,doctor-strange-2016,2016.0,doctorstrange,284052
kurstboy,Moonlight,2016,10.0,moonlight-2016,2016.0,moonlight,376867
kurstboy,Arrival,2016,9.0,arrival-2016,2016.0,arrival,329865
kurstboy,La La Land,2016,10.0,la-la-land,,lalaland,313369
kurstboy,The Nice Guys,2016,8.0,the-nice-guys,,theniceguys,290250
kurstboy,Captain America: Civil War,2016,5.0,captain-america-civil-war,,captainamericacivilwar,271110
kurstboy,Deadpool,2016,5.0,deadpool,,deadpool,293660
kurstboy,Manchester by the Sea,2016,7.0,manchester-by-the-sea,,manchesterbythesea,334541
kurstboy,The Revenant,2015,8.0,the-revenant-2015,2015.0,therevenant,281957
kurstboy,Star Wars: The Force Awakens,2015,7.0,star-wars-the-force-awakens,,starwarstheforceawakens,140607
kurstboy,Spotlight,2015,8.0,spotlight,,spotlight,314365
kurstboy,Mission: Impossible – Rogue Nation,2015,8.0,mission-impossible-rogue-nation,,missionimpossible–roguenation,177677
kurstboy,Ant-Man,2015,6.0,ant-man,,antman,102899
kurstboy,Inside Out,2015,8.0,inside-out-2015,2015.0,insideout,150540
kurstboy,The Lobster,2015,9.0,the-lobster,,thelobster,254320
kurstboy,Mad Max: Fury Road,2015,10.0,mad-max-fury-road,,madmaxfuryroad,76341
kurstboy,Ex Machina,2015,9.0,ex-machina-2015,2015.0,exmachina,264660
kurstboy,Interstellar,2014,7.0,interstellar,,interstellar,157336
kurstboy,Gone Girl,2014,9.0,gone-girl,,gonegirl,210577
kurstboy,Nightcrawler,2014,9.0,nightcrawler,,nightcrawler,242582
kurstboy,Birdman or (The Unexpected Virtue of Ignorance),2014,8.0,birdman-or-the-unexpected-virtue-of-ignorance,,birdmanor(theunexpectedvirtueofignorance),194662
kurstboy,Guardians of the Galaxy,2017,8.0,guardians-of-the-galaxy,,guardiansofthegalaxy,283995
kurstboy,The Grand Budapest Hotel,2014,9.0,the-grand-budapest-hotel,,thegrandbudapesthotel,120467
kurstboy,What We Do in the Shadows,2014,9.0,what-we-do-in-the-shadows,,whatwedointheshadows,246741
kurstboy,Whiplash,2014,10.0,whiplash-2014,2014.0,whiplash,244786
kurstboy,The Wolf of Wall Street,2013,9.0,the-wolf-of-wall-street,,thewolfofwallstreet,106646
kurstboy,Her,2013,10.0,her,,her,152601
kurstboy,Enemy,2014,7.0,enemy,,enemy,181886
kurstboy,Iron Man 3,2013,4.0,iron-man-3,,ironman3,68721
kurstboy,Frances Ha,2013,9.0,frances-ha,,francesha,121986
kurstboy,The Dark Knight Rises,2012,6.0,the-dark-knight-rises,,thedarkknightrises,49026
kurstboy,Ted,2012,6.0,ted,,ted,72105
kurstboy,Moonrise Kingdom,2015,8.0,moonrise-kingdom,,moonrisekingdom,1049516
kurstboy,The Avengers,2012,4.0,the-avengers-2012,2012.0,theavengers,24428
kurstboy,Mission: Impossible – Ghost Protocol,2011,9.0,mission-impossible-ghost-protocol,,missionimpossible–ghostprotocol,56292
kurstboy,Drive,2011,9.0,drive-2011,2011.0,drive,64690
kurstboy,The Social Network,2010,10.0,the-social-network,,thesocialnetwork,37799
kurstboy,Scott Pilgrim vs. the World,2010,8.0,scott-pilgrim-vs-the-world,,scottpilgrimvstheworld,22538
kurstboy,Inception,2010,9.0,inception,,inception,27205
kurstboy,Toy Story 3,2010,7.0,toy-story-3,,toystory3,10193
kurstboy,Avatar,2009,6.0,avatar,,avatar,19995
kurstboy,Fantastic Mr. Fox,2009,10.0,fantastic-mr-fox,,fantasticmrfox,10315
kurstboy,Inglourious Basterds,2009,8.0,inglourious-basterds,,inglouriousbasterds,16869
kurstboy,Up,2009,10.0,up,,up,14160
kurstboy,The Dark Knight,2008,9.0,the-dark-knight,,thedarkknight,155
kurstboy,WALL·E,2008,9.0,walle,,wall·e,10681
kurstboy,Iron Man,2008,7.0,iron-man-2008,2008.0,ironman,1726
kurstboy,Ratatouille,2007,10.0,ratatouille,,ratatouille,2062
kurstboy,The Prestige,2006,9.0,the-prestige,,theprestige,1124
kurstboy,Mission: Impossible III,2006,8.0,mission-impossible-iii,,missionimpossibleiii,956
kurstboy,Batman Begins,2005,6.0,batman-begins,,batmanbegins,272
kurstboy,Spider-Man 2,2004,9.0,spider-man-2,,spiderman2,558
kurstboy,Shaun of the Dead,2004,9.0,shaun-of-the-dead,,shaunofthedead,747
kurstboy,Eternal Sunshine of the Spotless Mind,2004,9.0,eternal-sunshine-of-the-spotless-mind,,eternalsunshineofthespotlessmind,38
kurstboy,Before Sunset,2004,10.0,before-sunset,,beforesunset,80
kurstboy,The Lord of the Rings: The Return of the King,2003,8.0,the-lord-of-the-rings-the-return-of-the-king,,thelordoftheringsthereturnoftheking,122
kurstboy,Oldboy,2013,10.0,oldboy,,oldboy,87516
kurstboy,Finding Nemo,2003,9.0,finding-nemo,,findingnemo,12
kurstboy,The Lord of the Rings: The Two Towers,2002,8.0,the-lord-of-the-rings-the-two-towers,,thelordoftheringsthetwotowers,121
kurstboy,Catch Me If You Can,2002,8.0,catch-me-if-you-can-2002,2002.0,catchmeifyoucan,640
kurstboy,Punch-Drunk Love,2002,10.0,punch-drunk-love,,punchdrunklove,8051
kurstboy,Insomnia,2002,7.0,insomnia-2002,2002.0,insomnia,320
kurstboy,The Lord of the Rings: The Fellowship of the Ring,2001,9.0,the-lord-of-the-rings-the-fellowship-of-the-ring,,thelordoftheringsthefellowshipofthering,120
kurstboy,Ocean's Eleven,2001,9.0,oceans-eleven-2001,2001.0,oceanseleven,161
kurstboy,Memento,2000,9.0,memento,,memento,77
kurstboy,Mission: Impossible II,2000,5.0,mission-impossible-ii,,missionimpossibleii,955
kurstboy,The Matrix,1999,10.0,the-matrix,,thematrix,603
kurstboy,Rushmore,1998,8.0,rushmore,,rushmore,11545
kurstboy,Space Jam,1996,4.0,space-jam,,spacejam,2300
kurstboy,Mission: Impossible,1996,7.0,mission-impossible,,missionimpossible,954
kurstboy,Fargo,1996,10.0,fargo,,fargo,275
kurstboy,Se7en,1995,8.0,se7en,,se7en,807
kurstboy,Before Sunrise,1995,10.0,before-sunrise,,beforesunrise,76
kurstboy,Pulp Fiction,1994,10.0,pulp-fiction,,pulpfiction,680
kurstboy,Jurassic Park,1993,7.0,jurassic-park,,jurassicpark,329
kurstboy,Alien³,1997,,alien-3,,alien³,272108
kurstboy,The Silence of the Lambs,1991,10.0,the-silence-of-the-lambs,,thesilenceofthelambs,274
kurstboy,Die Hard,1988,8.0,die-hard,,diehard,562
kurstboy,Top Gun,1986,,top-gun,,topgun,744
kurstboy,Back to the Future,1985,7.0,back-to-the-future,,backtothefuture,105
kurstboy,Dune,2021,6.0,dune,,dune,438631
kurstboy,Indiana Jones and the Temple of Doom,1984,7.0,indiana-jones-and-the-temple-of-doom,,indianajonesandthetempleofdoom,87
kurstboy,Blade Runner,1982,8.0,blade-runner,,bladerunner,78
kurstboy,E.T. the Extra-Terrestrial,1982,4.0,et-the-extra-terrestrial,,ettheextraterrestrial,601
kurstboy,The Evil Dead,1981,8.0,the-evil-dead,,theevildead,764
kurstboy,Raiders of the Lost Ark,1981,10.0,raiders-of-the-lost-ark,,raidersofthelostark,85
kurstboy,Airplane!,1980,10.0,airplane,,airplane!,813
kurstboy,The Shining,1980,10.0,the-shining,,theshining,694
kurstboy,The Empire Strikes Back,1980,9.0,the-empire-strikes-back,,theempirestrikesback,1891
kurstboy,Superman,2025,7.0,superman,,superman,1061474
kurstboy,Star Wars,1977,9.0,star-wars,,starwars,11
kurstboy,Rocky,1976,8.0,rocky,,rocky,1366
kurstboy,Taxi Driver,1976,9.0,taxi-driver,,taxidriver,103
kurstboy,Jaws,1975,9.0,jaws,,jaws,578
kurstboy,2001: A Space Odyssey,1968,10.0,2001-a-space-odyssey,,2001aspaceodyssey,62
kurstboy,Dr. Strangelove or: How I Learned to Stop Worrying and Love the Bomb,1964,8.0,dr-strangelove-or-how-i-learned-to-stop-worrying-and-love-the-bomb,,drstrangeloveorhowilearnedtostopworryingandlovethebomb,935
kurstboy,Rear Window,1954,10.0,rear-window,,rearwindow,567
kurstboy,Citizen Kane,1941,9.0,citizen-kane,,citizenkane,15
kurstboy,Nosferatu,2024,9.0,nosferatu,,nosferatu,426063
colonelmortimer,Superman,2025,7.0,superman-2025,2025.0,superman,1061474
colonelmortimer,Mission: Impossible – The Final Reckoning,2025,8.0,mission-impossible-the-final-reckoning,,missionimpossible–thefinalreckoning,575265
colonelmortimer,Sinners,2025,10.0,sinners-2025,2025.0,sinners,1233413
colonelmortimer,A Complete Unknown,2024,5.0,a-complete-unknown,,acompleteunknown,661539
colonelmortimer,Wallace & Gromit: Vengeance Most Fowl,2024,7.0,wallace-gromit-vengeance-most-fowl,,wallace&gromitvengeancemostfowl,929204
colonelmortimer,Nosferatu,2024,5.0,nosferatu-2024,2024.0,nosferatu,426063
colonelmortimer,Juror #2,2024,7.0,juror-2,,juror#2,1106739
colonelmortimer,Joker: Folie à Deux,2024,4.0,joker-folie-a-deux,,jokerfolieàdeux,889737
colonelmortimer,The Brutalist,2024,8.0,the-brutalist,,thebrutalist,549509
colonelmortimer,Nickel Boys,2024,6.0,nickel-boys,,nickelboys,1028196
colonelmortimer,Conclave,2024,7.0,conclave,,conclave,974576
colonelmortimer,Beetlejuice Beetlejuice,2024,4.0,beetlejuice-beetlejuice,,beetlejuicebeetlejuice,917496
colonelmortimer,The Killer,2024,6.0,the-killer-2024,2024.0,thekiller,800158
colonelmortimer,Alien: Romulus,2024,6.0,alien-romulus,,alienromulus,945961
colonelmortimer,Trap,2024,7.0,trap-2024,2024.0,trap,1032823
colonelmortimer,Anora,2024,7.0,anora,,anora,1064213
colonelmortimer,The Substance,2024,9.0,the-substance,,thesubstance,933260
colonelmortimer,Megalopolis,2024,5.0,megalopolis-2024,2024.0,megalopolis,592831
colonelmortimer,Furiosa: A Mad Max Saga,2024,9.0,furiosa-a-mad-max-saga,,furiosaamadmaxsaga,786892
colonelmortimer,Challengers,2024,6.0,challengers,,challengers,937287
colonelmortimer,Dune: Part Two,2024,9.0,dune-part-two,,duneparttwo,693134
colonelmortimer,I Saw the TV Glow,2024,5.0,i-saw-the-tv-glow,,isawthetvglow,858017
colonelmortimer,Godzilla Minus One,2023,7.0,godzilla-minus-one,,godzillaminusone,940721
colonelmortimer,Dream Scenario,2023,5.0,dream-scenario,,dreamscenario,823482
colonelmortimer,Priscilla,2023,7.0,priscilla,,priscilla,1020006
colonelmortimer,The Beast,2019,10.0,the-beast-2023-1,,thebeast,459410
colonelmortimer,The Killer,2023,7.0,the-killer-2023,2023.0,thekiller,800158
colonelmortimer,Poor Things,2023,6.0,poor-things-2023,2023.0,poorthings,792307
colonelmortimer,The Holdovers,2023,6.0,the-holdovers,,theholdovers,840430
colonelmortimer,Oppenheimer,2023,5.0,oppenheimer-2023,2023.0,oppenheimer,872585
colonelmortimer,Mission: Impossible – Dead Reckoning,2023,8.0,mission-impossible-dead-reckoning,,missionimpossible–deadreckoning,575264
colonelmortimer,Barbie,2023,7.0,barbie,,barbie,346698
colonelmortimer,Spider-Man: Across the Spider-Verse,2023,7.0,spider-man-across-the-spider-verse,,spidermanacrossthespiderverse,569094
colonelmortimer,Anatomy of a Fall,2023,6.0,anatomy-of-a-fall,,anatomyofafall,915935
colonelmortimer,May December,2023,8.0,may-december,,maydecember,839369
colonelmortimer,Killers of the Flower Moon,2023,8.0,killers-of-the-flower-moon,,killersoftheflowermoon,466420
colonelmortimer,The Zone of Interest,2023,6.0,the-zone-of-interest,,thezoneofinterest,467244
colonelmortimer,Guardians of the Galaxy Vol. 3,2023,7.0,guardians-of-the-galaxy-vol-3,,guardiansofthegalaxyvol3,447365
colonelmortimer,Bottoms,2023,5.0,bottoms,,bottoms,814776
colonelmortimer,Past Lives,2023,6.0,past-lives,,pastlives,666277
colonelmortimer,Babylon,2022,3.0,babylon-2022,2022.0,babylon,615777
colonelmortimer,Avatar: The Way of Water,2022,10.0,avatar-the-way-of-water,,avatarthewayofwater,76600
colonelmortimer,The Menu,2022,4.0,the-menu-2022,2022.0,themenu,593643
colonelmortimer,The Fabelmans,2022,6.0,the-fabelmans,,thefabelmans,804095
colonelmortimer,Glass Onion,2022,7.0,glass-onion,,glassonion,661374
colonelmortimer,The Banshees of Inisherin,2022,8.0,the-banshees-of-inisherin,,thebansheesofinisherin,674324
colonelmortimer,The Whale,2022,3.0,the-whale-2022,2022.0,thewhale,785084
colonelmortimer,TÁR,2022,7.0,tar-2022,2022.0,tár,817758
colonelmortimer,Bullet Train,2022,3.0,bullet-train,,bullettrain,718930
colonelmortimer,Nope,2022,5.0,nope,,nope,762504
colonelmortimer,Thor: Love and Thunder,2022,4.0,thor-love-and-thunder,,thorloveandthunder,616037
colonelmortimer,Top Gun: Maverick,2022,9.0,top-gun-maverick,,topgunmaverick,361743
colonelmortimer,The Northman,2022,7.0,the-northman,,thenorthman,639933
colonelmortimer,The Unbearable Weight of Massive Talent,2022,7.0,the-unbearable-weight-of-massive-talent,,theunbearableweightofmassivetalent,648579
colonelmortimer,Everything Everywhere All at Once,2022,7.0,everything-everywhere-all-at-once,,everythingeverywhereallatonce,545611
colonelmortimer,The Batman,2022,8.0,the-batman,,thebatman,414906
colonelmortimer,Spider-Man: No Way Home,2021,6.0,spider-man-no-way-home,,spidermannowayhome,634649
colonelmortimer,Licorice Pizza,2021,8.0,licorice-pizza,,licoricepizza,718032
colonelmortimer,Last Night in Soho,2021,4.0,last-night-in-soho,,lastnightinsoho,576845
colonelmortimer,Spencer,2021,4.0,spencer-2021,2021.0,spencer,716612
colonelmortimer,Dune,2021,9.0,dune-2021,2021.0,dune,438631
colonelmortimer,C'mon C'mon,2021,8.0,cmon-cmon,,cmoncmon,632617
colonelmortimer,Pig,2021,9.0,pig-2021,2021.0,pig,635731
colonelmortimer,Luca,2021,6.0,luca-2021,2021.0,luca,508943
colonelmortimer,The Suicide Squad,2021,8.0,the-suicide-squad,,thesuicidesquad,436969
colonelmortimer,Tenet,2020,6.0,tenet,,tenet,577922
colonelmortimer,Shiva Baby,2020,5.0,shiva-baby-2020,2020.0,shivababy,664300
colonelmortimer,The Father,2020,6.0,the-father-2020,2020.0,thefather,600354
colonelmortimer,Promising Young Woman,2020,6.0,promising-young-woman,,promisingyoungwoman,582014
colonelmortimer,1917,2019,6.0,1917,,1917,530915
colonelmortimer,The Irishman,2019,8.0,the-irishman-2019,2019.0,theirishman,398978
colonelmortimer,Jojo Rabbit,2019,6.0,jojo-rabbit,,jojorabbit,515001
colonelmortimer,Knives Out,2019,7.0,knives-out-2019,2019.0,knivesout,546554
colonelmortimer,Sound of Metal,2020,7.0,sound-of-metal,,soundofmetal,502033
colonelmortimer,Joker,2019,4.0,joker-2019,2019.0,joker,475557
colonelmortimer,Uncut Gems,2019,8.0,uncut-gems,,uncutgems,473033
colonelmortimer,Ford v Ferrari,2019,7.0,ford-v-ferrari,,fordvferrari,359724
colonelmortimer,Spider-Man: Far From Home,2019,5.0,spider-man-far-from-home,,spidermanfarfromhome,429617
colonelmortimer,Parasite,2019,7.0,parasite-2019,2019.0,parasite,496243
colonelmortimer,Once Upon a Time... in Hollywood,2019,9.0,once-upon-a-time-in-hollywood,,onceuponatimeinhollywood,466272
colonelmortimer,Portrait of a Lady on Fire,2019,7.0,portrait-of-a-lady-on-fire,,portraitofaladyonfire,531428
colonelmortimer,The Lighthouse,2019,8.0,the-lighthouse-2019,2019.0,thelighthouse,503919
colonelmortimer,Avengers: Endgame,2019,6.0,avengers-endgame,,avengersendgame,299534
colonelmortimer,Us,2019,7.0,us-2019,2019.0,us,458723
colonelmortimer,Spider-Man: Into the Spider-Verse,2018,7.0,spider-man-into-the-spider-verse,,spidermanintothespiderverse,324857
colonelmortimer,Bohemian Rhapsody,2018,4.0,bohemian-rhapsody-the-complete-live-aid-performance,,bohemianrhapsody,424694
colonelmortimer,The Favourite,2018,6.0,the-favourite,,thefavourite,375262
colonelmortimer,First Man,2018,7.0,first-man,,firstman,369972
colonelmortimer,Mission: Impossible – Fallout,2018,8.0,mission-impossible-fallout,,missionimpossible–fallout,353081
colonelmortimer,Incredibles 2,2018,7.0,incredibles-2,,incredibles2,260513
colonelmortimer,Deadpool 2,2018,6.0,deadpool-2,,deadpool2,383498
colonelmortimer,BlacKkKlansman,2018,7.0,blackkklansman,,blackkklansman,487558
colonelmortimer,Avengers: Infinity War,2018,6.0,avengers-infinity-war,,avengersinfinitywar,299536
colonelmortimer,A Quiet Place,2018,7.0,a-quiet-place-2018,2018.0,aquietplace,447332
colonelmortimer,Game Night,2018,7.0,game-night,,gamenight,445571
colonelmortimer,Black Panther,2018,8.0,black-panther,,blackpanther,284054
colonelmortimer,Phantom Thread,2017,9.0,phantom-thread,,phantomthread,400617
colonelmortimer,Star Wars: The Last Jedi,2017,8.0,star-wars-the-last-jedi,,starwarsthelastjedi,181808
colonelmortimer,Paddington 2,2017,7.0,paddington-2,,paddington2,346648
colonelmortimer,Thor: Ragnarok,2017,6.0,thor-ragnarok,,thorragnarok,284053
colonelmortimer,"Three Billboards Outside Ebbing, Missouri",2017,7.0,three-billboards-outside-ebbing-missouri,,"threebillboardsoutsideebbing,missouri",359940
colonelmortimer,Lady Bird,2017,8.0,lady-bird,,ladybird,391713
colonelmortimer,The Shape of Water,2017,6.0,the-shape-of-water,,theshapeofwater,399055
colonelmortimer,Dunkirk,2017,8.0,dunkirk-2017,2017.0,dunkirk,374720
colonelmortimer,Spider-Man: Homecoming,2017,7.0,spider-man-homecoming,,spidermanhomecoming,315635
colonelmortimer,Good Time,2017,6.0,good-time,,goodtime,429200
colonelmortimer,The Florida Project,2017,7.0,the-florida-project,,thefloridaproject,394117
colonelmortimer,Guardians of the Galaxy Vol. 2,2017,7.0,guardians-of-the-galaxy-vol-2,,guardiansofthegalaxyvol2,283995
colonelmortimer,Baby Driver,2017,5.0,baby-driver,,babydriver,339403
colonelmortimer,The Lego Batman Movie,2017,5.0,the-lego-batman-movie,,thelegobatmanmovie,324849
colonelmortimer,Get Out,2017,8.0,get-out-2017,2017.0,getout,419430
colonelmortimer,Call Me by Your Name,2017,6.0,call-me-by-your-name,,callmebyyourname,398818
colonelmortimer,Rogue One: A Star Wars Story,2016,6.0,rogue-one-a-star-wars-story,,rogueoneastarwarsstory,330459
colonelmortimer,Doctor Strange,2016,6.0,doctor-strange-2016,2016.0,doctorstrange,284052
colonelmortimer,Moonlight,2016,7.0,moonlight-2016,2016.0,moonlight,376867
colonelmortimer,Arrival,2016,9.0,arrival-2016,2016.0,arrival,329865
colonelmortimer,La La Land,2016,6.0,la-la-land,,lalaland,313369
colonelmortimer,The Nice Guys,2016,8.0,the-nice-guys,,theniceguys,290250
colonelmortimer,Captain America: Civil War,2016,6.0,captain-america-civil-war,,captainamericacivilwar,271110
colonelmortimer,Deadpool,2016,6.0,deadpool,,deadpool,293660
colonelmortimer,Manchester by the Sea,2016,8.0,manchester-by-the-sea,,manchesterbythesea,334541
colonelmortimer,The Revenant,2015,7.0,the-revenant-2015,2015.0,therevenant,281957
colonelmortimer,Star Wars: The Force Awakens,2015,7.0,star-wars-the-force-awakens,,starwarstheforceawakens,140607
colonelmortimer,Spotlight,2015,7.0,spotlight,,spotlight,314365
colonelmortimer,Mission: Impossible – Rogue Nation,2015,8.0,mission-impossible-rogue-nation,,missionimpossible–roguenation,177677
colonelmortimer,Ant-Man,2015,6.0,ant-man,,antman,102899
colonelmortimer,Inside Out,2015,6.0,inside-out-2015,2015.0,insideout,150540
colonelmortimer,The Lobster,2015,6.0,the-lobster,,thelobster,254320
colonelmortimer,Mad Max: Fury Road,2015,9.0,mad-max-fury-road,,madmaxfuryroad,76341
colonelmortimer,Ex Machina,2015,6.0,ex-machina-2015,2015.0,exmachina,264660
colonelmortimer,Interstellar,2014,8.0,interstellar,,interstellar,157336
colonelmortimer,Gone Girl,2014,8.0,gone-girl,,gonegirl,210577
colonelmortimer,Nightcrawler,2014,7.0,nightcrawler,,nightcrawler,242582
colonelmortimer,Birdman or (The Unexpected Virtue of Ignorance),2014,6.0,birdman-or-the-unexpected-virtue-of-ignorance,,birdmanor(theunexpectedvirtueofignorance),194662
colonelmortimer,Guardians of the Galaxy,2017,7.0,guardians-of-the-galaxy,,guardiansofthegalaxy,283995
colonelmortimer,The Grand Budapest Hotel,2014,9.0,the-grand-budapest-hotel,,thegrandbudapesthotel,120467
colonelmortimer,What We Do in the Shadows,2014,7.0,what-we-do-in-the-shadows,,whatwedointheshadows,246741
colonelmortimer,Whiplash,2014,8.0,whiplash-2014,2014.0,whiplash,244786
colonelmortimer,The Wolf of Wall Street,2013,9.0,the-wolf-of-wall-street,,thewolfofwallstreet,106646
colonelmortimer,Oldboy,2013,6.0,oldboy-2013,2013.0,oldboy,87516
colonelmortimer,Her,2013,9.0,her,,her,152601
colonelmortimer,Enemy,2014,8.0,enemy,,enemy,181886
colonelmortimer,Iron Man 3,2013,5.0,iron-man-3,,ironman3,68721
colonelmortimer,Frances Ha,2013,8.0,frances-ha,,francesha,121986
colonelmortimer,The Dark Knight Rises,2012,8.0,the-dark-knight-rises,,thedarkknightrises,49026
colonelmortimer,Ted,2012,6.0,ted,,ted,72105
colonelmortimer,Moonrise Kingdom,2015,9.0,moonrise-kingdom,,moonrisekingdom,1049516
colonelmortimer,The Avengers,2012,6.0,the-avengers-2012,2012.0,theavengers,24428
colonelmortimer,Mission: Impossible – Ghost Protocol,2011,8.0,mission-impossible-ghost-protocol,,missionimpossible–ghostprotocol,56292
colonelmortimer,Drive,2011,8.0,drive-2011,2011.0,drive,64690
colonelmortimer,The Social Network,2010,8.0,the-social-network,,thesocialnetwork,37799
colonelmortimer,Scott Pilgrim vs. the World,2010,5.0,scott-pilgrim-vs-the-world,,scottpilgrimvstheworld,22538
colonelmortimer,Inception,2010,8.0,inception,,inception,27205
colonelmortimer,Toy Story 3,2010,7.0,toy-story-3,,toystory3,10193
colonelmortimer,Avatar,2009,7.0,avatar,,avatar,19995
colonelmortimer,Fantastic Mr. Fox,2009,9.0,fantastic-mr-fox,,fantasticmrfox,10315
colonelmortimer,Inglourious Basterds,2009,10.0,inglourious-basterds,,inglouriousbasterds,16869
colonelmortimer,Up,2009,8.0,up,,up,14160
colonelmortimer,The Dark Knight,2008,8.0,the-dark-knight,,thedarkknight,155
colonelmortimer,WALL·E,2008,8.0,walle,,wall·e,10681
colonelmortimer,Iron Man,2008,6.0,iron-man-2008,2008.0,ironman,1726
colonelmortimer,Ratatouille,2007,6.0,ratatouille,,ratatouille,2062
colonelmortimer,The Prestige,2006,9.0,the-prestige,,theprestige,1124
colonelmortimer,Mission: Impossible III,2006,7.0,mission-impossible-iii,,missionimpossibleiii,956
colonelmortimer,Batman Begins,2005,7.0,batman-begins,,batmanbegins,272
colonelmortimer,Spider-Man 2,2004,7.0,spider-man-2,,spiderman2,558
colonelmortimer,Shaun of the Dead,2004,8.0,shaun-of-the-dead,,shaunofthedead,747
colonelmortimer,Eternal Sunshine of the Spotless Mind,2004,6.0,eternal-sunshine-of-the-spotless-mind,,eternalsunshineofthespotlessmind,38
colonelmortimer,Before Sunset,2004,6.0,before-sunset,,beforesunset,80
colonelmortimer,The Lord of the Rings: The Return of the King,2003,6.0,the-lord-of-the-rings-the-return-of-the-king,,thelordoftheringsthereturnoftheking,122
colonelmortimer,Oldboy,2013,8.0,oldboy,,oldboy,87516
colonelmortimer,Finding Nemo,2003,7.0,finding-nemo,,findingnemo,12
colonelmortimer,The Lord of the Rings: The Two Towers,2002,6.0,the-lord-of-the-rings-the-two-towers,,thelordoftheringsthetwotowers,121
colonelmortimer,Catch Me If You Can,2002,8.0,catch-me-if-you-can-2002,2002.0,catchmeifyoucan,640
colonelmortimer,Punch-Drunk Love,2002,9.0,punch-drunk-love,,punchdrunklove,8051
colonelmortimer,Insomnia,2002,6.0,insomnia-2002,2002.0,insomnia,320
colonelmortimer,The Lord of the Rings: The Fellowship of the Ring,2001,7.0,the-lord-of-the-rings-the-fellowship-of-the-ring,,thelordoftheringsthefellowshipofthering,120
colonelmortimer,Ocean's Eleven,2001,7.0,oceans-eleven-2001,2001.0,oceanseleven,161
colonelmortimer,Memento,2000,8.0,memento,,memento,77
colonelmortimer,Mission: Impossible II,2000,7.0,mission-impossible-ii,,missionimpossibleii,955
colonelmortimer,The Matrix,1999,9.0,the-matrix,,thematrix,603
colonelmortimer,Rushmore,1998,9.0,rushmore,,rushmore,11545
colonelmortimer,Space Jam,1996,2.0,space-jam,,spacejam,2300
colonelmortimer,Mission: Impossible,1996,9.0,mission-impossible,,missionimpossible,954
colonelmortimer,Fargo,1996,9.0,fargo,,fargo,275
colonelmortimer,Se7en,1995,9.0,se7en,,se7en,807
colonelmortimer,Before Sunrise,1995,5.0,before-sunrise,,beforesunrise,76
colonelmortimer,Pulp Fiction,1994,10.0,pulp-fiction,,pulpfiction,680
colonelmortimer,Jurassic Park,1993,8.0,jurassic-park,,jurassicpark,329
colonelmortimer,Alien³,1997,8.0,alien-3,,alien³,272108
colonelmortimer,The Silence of the Lambs,1991,10.0,the-silence-of-the-lambs,,thesilenceofthelambs,274
colonelmortimer,The Killer,2023,10.0,the-killer,,thekiller,800158
colonelmortimer,Die Hard,1988,10.0,die-hard,,diehard,562
colonelmortimer,Top Gun,1986,7.0,top-gun,,topgun,744
colonelmortimer,Back to the Future,1985,8.0,back-to-the-future,,backtothefuture,105
colonelmortimer,Indiana Jones and the Temple of Doom,1984,9.0,indiana-jones-and-the-temple-of-doom,,indianajonesandthetempleofdoom,87
colonelmortimer,Blade Runner,1982,10.0,blade-runner,,bladerunner,78
colonelmortimer,E.T. the Extra-Terrestrial,1982,9.0,et-the-extra-terrestrial,,ettheextraterrestrial,601
colonelmortimer,Raiders of the Lost Ark,1981,9.0,raiders-of-the-lost-ark,,raidersofthelostark,85
colonelmortimer,Babylon,2022,7.0,babylon,,babylon,615777
colonelmortimer,Airplane!,1980,10.0,airplane,,airplane!,813
colonelmortimer,The Shining,1980,8.0,the-shining,,theshining,694
colonelmortimer,The Empire Strikes Back,1980,10.0,the-empire-strikes-back,,theempirestrikesback,1891
colonelmortimer,Superman,2025,10.0,superman,,superman,1061474
colonelmortimer,Star Wars,1977,10.0,star-wars,,starwars,11
colonelmortimer,Rocky,1976,10.0,rocky,,rocky,1366
colonelmortimer,Taxi Driver,1976,9.0,taxi-driver,,taxidriver,103
colonelmortimer,Jaws,1975,9.0,jaws,,jaws,578
colonelmortimer,The Beast,2019,6.0,the-beast,,thebeast,459410
colonelmortimer,2001: A Space Odyssey,1968,10.0,2001-a-space-odyssey,,2001aspaceodyssey,62
colonelmortimer,Dr. Strangelove or: How I Learned to Stop Worrying and Love the Bomb,1964,10.0,dr-strangelove-or-how-i-learned-to-stop-worrying-and-love-the-bomb,,drstrangeloveorhowilearnedtostopworryingandlovethebomb,935
colonelmortimer,Rear Window,1954,8.0,rear-window,,rearwindow,567
colonelmortimer,Citizen Kane,1941,10.0,citizen-kane,,citizenkane,15
